,predicted_label,label,model correct
18634,0,0,True
1333,1,1,True
20315,1,0,False
6357,1,0,False
10496,1,0,False
23567,1,0,False
501,0,0,True
11332,1,0,False
1744,1,1,True
19340,1,0,False
15097,0,0,True
24068,0,0,True
12727,1,0,False
21140,0,1,False
8872,0,1,False
15312,0,1,False
5009,1,0,False
13243,0,0,True
19796,0,0,True
20175,1,0,False
14844,1,1,True
2355,1,0,False
10068,1,0,False
14586,0,1,False
14990,0,1,False
21034,0,1,False
2859,0,0,True
3571,1,1,True
2673,0,0,True
23270,0,1,False
10501,0,0,True
12285,1,1,True
16599,0,0,True
6372,1,0,False
8336,0,1,False
17919,1,1,True
23072,1,1,True
1052,0,1,False
3676,1,0,False
22817,1,1,True
11967,0,1,False
14583,1,1,True
2886,0,1,False
24964,1,1,True
9064,0,0,True
21708,0,0,True
3313,1,1,True
9107,0,1,False
9202,0,1,False
18418,1,1,True
12524,1,0,False
14303,0,1,False
6724,1,1,True
13634,1,0,False
17281,0,0,True
17276,0,1,False
16811,1,0,False
24335,0,1,False
4441,0,0,True
21674,0,0,True
7510,0,0,True
10661,1,0,False
3713,0,0,True
1764,1,0,False
21505,1,1,True
13373,1,1,True
1879,0,1,False
992,1,1,True
4734,0,0,True
16708,1,0,False
5139,0,0,True
2026,1,0,False
12716,0,1,False
8318,0,1,False
24145,0,1,False
19692,0,0,True
13887,0,1,False
13340,0,1,False
20063,1,1,True
13638,0,1,False
16815,0,0,True
9632,0,0,True
12104,0,1,False
1065,0,1,False
23388,1,0,False
12193,1,0,False
5302,0,0,True
4934,1,1,True
719,1,1,True
22669,1,1,True
17383,0,1,False
13313,0,0,True
9420,0,1,False
11567,1,1,True
4216,0,1,False
9838,0,0,True
12718,0,0,True
15221,0,0,True
172,1,1,True
18855,0,1,False
13048,0,0,True
23606,0,0,True
6040,1,1,True
14248,0,1,False
18752,0,1,False
9090,0,0,True
8073,0,0,True
1709,0,1,False
783,0,1,False
9451,0,1,False
8558,0,0,True
24925,0,0,True
17515,0,1,False
18573,0,0,True
10692,1,0,False
19650,0,1,False
8137,1,1,True
1487,0,1,False
6718,1,1,True
13350,1,0,False
20947,1,1,True
2208,1,1,True
1392,0,1,False
18934,1,0,False
9846,1,1,True
2037,0,0,True
10229,0,1,False
13715,0,1,False
9495,0,0,True
24590,1,1,True
16287,0,0,True
12827,1,1,True
5221,0,0,True
22902,1,0,False
7964,1,0,False
467,1,1,True
4295,0,1,False
24403,1,1,True
929,0,0,True
6368,0,0,True
14591,0,0,True
3787,0,0,True
5309,0,0,True
11213,0,1,False
21637,0,1,False
20013,0,1,False
24532,0,1,False
2542,0,1,False
3601,0,1,False
11487,1,1,True
16563,0,1,False
16589,0,0,True
6297,0,0,True
22323,0,0,True
11184,1,1,True
16345,1,1,True
1900,1,0,False
16391,1,0,False
23884,1,0,False
11675,1,0,False
23868,0,1,False
6249,0,0,True
6679,1,0,False
17523,0,1,False
15586,1,1,True
14718,1,0,False
4747,1,0,False
11709,0,1,False
7772,0,1,False
2496,1,0,False
20371,1,0,False
17722,0,1,False
11920,1,1,True
11949,1,0,False
23320,1,1,True
13194,0,0,True
21187,1,1,True
12986,0,1,False
6908,0,0,True
14994,0,0,True
20324,1,1,True
14753,1,1,True
21844,1,0,False
2762,1,1,True
4693,0,1,False
12680,0,1,False
6142,0,0,True
17754,0,0,True
17176,0,1,False
24811,0,1,False
24947,1,1,True
851,0,1,False
12343,0,0,True
12037,1,0,False
16665,0,0,True
13412,0,1,False
7539,0,0,True
7408,0,0,True
8827,0,1,False
1984,0,0,True
12969,0,1,False
16000,0,1,False
873,0,0,True
1443,0,1,False
5240,0,1,False
18935,1,1,True
12515,0,0,True
19165,1,0,False
19517,1,0,False
5503,0,1,False
7808,1,0,False
16256,0,1,False
24903,0,0,True
1320,0,0,True
7084,0,0,True
4939,0,1,False
20048,1,0,False
4964,1,1,True
15696,1,0,False
13064,0,1,False
18389,0,1,False
7629,1,1,True
15658,0,0,True
8325,0,0,True
18093,0,1,False
3080,0,1,False
19855,0,0,True
11152,1,0,False
9909,0,1,False
9962,0,0,True
5771,0,1,False
5179,1,0,False
19493,0,0,True
6546,1,0,False
2399,1,1,True
10856,0,0,True
6553,0,0,True
4322,1,0,False
23417,0,1,False
19937,1,1,True
24347,0,1,False
17504,1,1,True
13719,0,1,False
17805,0,0,True
12148,0,1,False
10222,0,0,True
11159,1,0,False
2378,0,0,True
8774,0,1,False
13608,1,1,True
15052,1,0,False
898,0,1,False
14314,0,1,False
500,0,0,True
22665,0,0,True
12703,0,1,False
1108,1,1,True
8350,0,0,True
22806,0,0,True
19148,1,1,True
20393,0,0,True
3457,0,0,True
1357,1,0,False
8300,1,0,False
11676,1,1,True
24675,1,0,False
4182,0,1,False
21195,0,0,True
18817,1,1,True
14926,1,0,False
23037,0,1,False
24206,0,0,True
15829,0,0,True
3102,0,1,False
14549,1,1,True
13260,0,0,True
5271,1,0,False
677,0,1,False
24270,1,1,True
8626,0,0,True
17165,1,0,False
18419,0,1,False
6219,0,0,True
5819,0,1,False
2331,0,0,True
9250,0,1,False
46,0,1,False
6966,0,1,False
19274,0,0,True
3407,1,1,True
15182,1,1,True
8302,1,1,True
9768,0,1,False
742,1,0,False
7064,1,1,True
13766,0,1,False
13523,1,0,False
10749,0,0,True
24452,0,1,False
2576,0,1,False
24602,1,0,False
15289,1,1,True
14901,1,1,True
22001,0,0,True
12653,1,0,False
5718,1,1,True
6406,1,1,True
24418,1,1,True
5208,1,1,True
22287,0,0,True
23649,1,1,True
2809,0,1,False
12505,1,0,False
23898,0,0,True
22431,0,0,True
7684,0,0,True
11154,1,1,True
2718,0,1,False
11979,0,0,True
8469,0,1,False
20855,1,0,False
20640,0,1,False
869,1,0,False
6410,0,1,False
663,0,1,False
17896,1,0,False
9154,0,0,True
145,1,1,True
3649,1,0,False
24032,1,0,False
5752,0,0,True
5256,0,0,True
10664,0,0,True
2481,1,0,False
21641,1,0,False
6864,0,1,False
1876,0,1,False
20365,1,1,True
13317,0,0,True
4969,1,1,True
13448,1,1,True
7159,1,0,False
9672,0,0,True
16879,0,0,True
6799,1,1,True
19062,0,0,True
3366,0,1,False
6004,0,0,True
24329,1,0,False
8275,0,0,True
11045,0,0,True
12125,1,1,True
16893,0,0,True
14731,1,1,True
7861,0,1,False
24311,1,1,True
23943,0,1,False
24901,0,0,True
19776,0,1,False
18051,1,0,False
6431,1,0,False
23985,1,1,True
5220,1,1,True
11787,1,0,False
4682,0,0,True
22037,1,0,False
13132,0,0,True
9516,0,1,False
879,1,0,False
21011,0,0,True
18872,1,1,True
5636,1,1,True
24577,0,1,False
10631,1,0,False
10289,1,1,True
10658,0,0,True
4252,0,1,False
20067,1,0,False
15675,1,0,False
7905,1,1,True
11519,1,1,True
10538,0,0,True
9926,1,0,False
8496,0,1,False
4671,1,0,False
14287,0,0,True
8307,0,0,True
8644,1,0,False
4536,1,0,False
24036,1,1,True
20778,0,0,True
19635,1,1,True
9217,0,0,True
23174,0,1,False
23119,1,1,True
6254,0,1,False
6275,1,1,True
8260,0,1,False
21813,1,1,True
6426,0,1,False
22705,0,0,True
17426,1,1,True
24283,0,0,True
19400,0,1,False
21612,0,0,True
24269,1,0,False
3684,0,1,False
13464,0,1,False
6763,0,0,True
12136,0,0,True
12525,0,0,True
20784,0,1,False
17491,0,1,False
5102,0,0,True
1509,1,0,False
4628,1,0,False
13096,0,1,False
18058,0,0,True
3239,1,1,True
22912,1,1,True
11687,0,0,True
20322,0,0,True
14171,0,1,False
13678,1,0,False
7855,0,0,True
13026,1,1,True
40,0,1,False
14988,1,1,True
11002,1,1,True
3654,0,0,True
6479,0,0,True
20681,1,1,True
524,0,1,False
8127,0,0,True
11419,0,1,False
19833,0,0,True
17839,0,0,True
4162,1,1,True
13293,0,1,False
24138,1,1,True
14072,1,0,False
21506,0,0,True
4464,0,0,True
9129,0,0,True
15571,1,0,False
9799,0,0,True
20519,1,0,False
6433,1,1,True
484,1,0,False
23308,1,1,True
16176,1,1,True
6979,0,1,False
4504,0,0,True
9473,0,0,True
20722,0,1,False
23332,1,1,True
5034,0,0,True
2737,0,1,False
21086,1,1,True
4073,1,1,True
10116,1,1,True
22461,0,1,False
6296,0,1,False
16376,0,1,False
11065,0,1,False
20782,1,1,True
12366,0,0,True
15597,0,0,True
21161,1,1,True
19612,0,0,True
5575,0,0,True
4241,0,1,False
11616,1,0,False
3666,0,1,False
17598,1,0,False
5914,1,0,False
10347,0,0,True
12655,1,1,True
22038,1,1,True
13743,0,1,False
6971,0,0,True
14471,1,1,True
915,0,0,True
5938,0,0,True
325,0,0,True
920,1,0,False
15881,1,1,True
8272,1,1,True
10755,0,1,False
16035,0,0,True
9952,1,0,False
23086,0,1,False
16018,0,0,True
11757,0,0,True
10021,1,1,True
20234,0,0,True
11257,0,1,False
21448,1,1,True
22206,1,1,True
11627,0,1,False
4189,0,1,False
6812,0,1,False
9183,0,1,False
834,0,0,True
18960,1,1,True
10368,0,1,False
9464,0,1,False
14198,1,0,False
22075,0,1,False
264,1,0,False
13223,1,0,False
2271,0,0,True
1101,0,1,False
5373,0,1,False
22503,1,0,False
5054,0,1,False
9972,0,1,False
7355,0,0,True
14034,0,0,True
17450,1,0,False
16157,0,0,True
11251,0,0,True
14416,1,0,False
14382,0,0,True
13534,1,0,False
2196,0,0,True
5683,0,1,False
9016,0,1,False
18176,0,1,False
231,1,0,False
19322,1,1,True
12635,0,1,False
16259,1,1,True
20889,0,1,False
20328,0,0,True
10121,1,0,False
8788,1,1,True
24597,1,0,False
2954,0,1,False
21519,1,1,True
19379,0,0,True
20864,0,0,True
15156,0,1,False
10966,0,1,False
19799,0,0,True
16374,0,0,True
8781,0,1,False
9056,0,1,False
9937,1,0,False
562,1,1,True
15199,0,1,False
9304,1,1,True
5982,0,0,True
4701,0,0,True
10869,0,1,False
8692,0,1,False
1945,1,0,False
17745,0,1,False
7161,0,0,True
2157,1,0,False
19573,1,1,True
11730,1,0,False
4544,0,0,True
20068,0,1,False
17149,0,1,False
19349,1,0,False
23864,1,0,False
15877,1,0,False
20096,1,0,False
8750,1,0,False
9423,0,0,True
3455,1,0,False
453,0,1,False
19978,0,1,False
17662,0,0,True
23956,0,1,False
10619,0,1,False
19388,0,1,False
24730,1,0,False
3169,0,1,False
14441,0,0,True
21880,0,1,False
19441,0,1,False
18903,0,1,False
2350,0,1,False
18011,0,0,True
23850,0,0,True
16735,0,1,False
15046,0,1,False
10328,0,1,False
13723,0,0,True
7866,1,1,True
20790,0,1,False
19025,0,1,False
17558,0,0,True
14401,0,1,False
22255,0,0,True
24288,1,0,False
8139,1,0,False
452,0,0,True
20694,0,1,False
7014,0,0,True
2291,1,0,False
22609,1,1,True
9122,0,0,True
14961,0,1,False
9111,1,0,False
2360,1,0,False
16496,1,1,True
22179,0,1,False
22873,0,1,False
1901,0,1,False
22042,0,0,True
21970,0,0,True
6833,0,1,False
7168,0,1,False
16366,0,1,False
23662,0,1,False
7257,0,1,False
23914,0,1,False
13590,1,0,False
12342,1,1,True
12673,0,0,True
24366,1,1,True
990,0,0,True
6398,1,0,False
4636,1,0,False
23335,0,0,True
5125,1,1,True
1433,1,1,True
21780,1,1,True
16569,1,1,True
1716,0,0,True
17110,0,1,False
6608,0,0,True
18570,0,1,False
18898,1,1,True
11735,0,1,False
10442,0,0,True
3290,1,0,False
9931,0,0,True
3251,1,0,False
24303,1,0,False
20652,1,0,False
957,0,0,True
21706,1,1,True
2756,0,1,False
20802,0,1,False
3481,1,1,True
8648,1,0,False
4141,0,1,False
13748,0,0,True
10189,1,1,True
23403,1,0,False
15930,0,0,True
2724,1,1,True
18845,1,1,True
5551,1,0,False
322,1,0,False
11440,0,1,False
18189,1,1,True
4538,0,1,False
18831,0,1,False
12051,0,0,True
6117,1,1,True
19980,1,0,False
3276,0,0,True
4242,0,1,False
11872,1,1,True
3367,0,0,True
14392,1,0,False
18088,1,0,False
3846,0,0,True
15660,0,1,False
21214,1,1,True
13955,0,1,False
23763,1,1,True
5697,0,1,False
24114,0,1,False
5164,0,0,True
20719,1,0,False
12335,0,0,True
3746,1,1,True
15699,1,1,True
3885,1,1,True
17449,1,0,False
18918,0,1,False
2653,0,1,False
16397,1,0,False
13612,1,0,False
6454,0,0,True
8669,1,1,True
22201,0,1,False
17132,1,1,True
7337,0,0,True
11231,0,1,False
24850,1,0,False
16687,1,0,False
11364,0,1,False
741,1,1,True
20238,1,0,False
24447,1,0,False
21966,0,0,True
13483,0,0,True
10702,0,1,False
16370,1,0,False
15124,0,1,False
7892,1,1,True
9626,0,0,True
13247,1,0,False
4013,0,0,True
19230,0,1,False
2142,1,1,True
568,0,0,True
10948,0,1,False
11711,1,0,False
5121,0,1,False
1226,0,0,True
6225,1,1,True
21596,0,0,True
5739,0,1,False
967,0,0,True
23629,1,1,True
1517,0,1,False
24031,0,1,False
23835,1,0,False
393,0,1,False
18849,0,0,True
10094,0,1,False
19859,1,0,False
24547,0,1,False
5155,1,1,True
7081,1,0,False
19312,1,0,False
23684,1,0,False
24975,0,1,False
23664,1,1,True
16273,0,1,False
14161,1,0,False
3176,1,1,True
20400,1,0,False
12816,1,0,False
7423,1,0,False
4067,0,1,False
18542,0,1,False
7175,1,0,False
22333,1,1,True
21568,0,0,True
5574,0,1,False
14182,0,1,False
11352,0,1,False
17946,0,0,True
21666,0,1,False
2816,0,0,True
5835,0,1,False
23250,1,0,False
7061,0,0,True
12219,1,0,False
14851,1,0,False
6557,1,1,True
12677,1,1,True
16090,0,1,False
14643,0,1,False
2637,1,0,False
15159,0,1,False
10366,0,0,True
12180,1,1,True
840,1,1,True
11779,0,1,False
14424,0,1,False
10283,1,1,True
17704,0,1,False
20479,1,0,False
23253,1,0,False
10783,1,1,True
12158,1,0,False
18186,0,1,False
1306,1,0,False
16437,0,1,False
13430,0,1,False
5527,1,0,False
22013,1,1,True
13582,0,0,True
24534,1,1,True
15225,0,0,True
1569,0,1,False
2813,0,1,False
24965,0,0,True
6522,0,1,False
21534,1,0,False
4715,1,1,True
23786,0,0,True
1882,1,0,False
21364,1,1,True
13164,0,0,True
2193,0,0,True
14924,0,1,False
17853,1,0,False
4826,0,1,False
8116,1,1,True
21157,0,1,False
18504,0,1,False
7003,0,1,False
15395,0,0,True
707,1,1,True
24151,0,1,False
6047,1,1,True
7344,0,1,False
7256,1,1,True
10373,0,1,False
5798,0,0,True
421,1,1,True
22590,0,0,True
9157,1,0,False
18236,1,0,False
16232,1,1,True
3779,0,1,False
6162,1,0,False
20109,1,0,False
8125,0,0,True
7358,1,0,False
21033,1,1,True
23588,0,1,False
22272,1,1,True
380,0,0,True
16207,1,1,True
20860,1,1,True
15242,0,0,True
5398,0,1,False
20359,0,1,False
16356,0,0,True
140,0,0,True
1657,0,1,False
13978,0,0,True
19655,1,0,False
143,1,0,False
10218,1,1,True
7230,0,0,True
13742,0,1,False
16169,1,1,True
18156,1,0,False
13567,1,1,True
5724,0,0,True
6230,0,0,True
16996,0,1,False
12271,0,0,True
14059,0,0,True
5700,0,1,False
163,1,1,True
3497,1,1,True
19501,1,1,True
3269,0,1,False
9253,0,0,True
22348,1,0,False
20418,0,0,True
18919,0,1,False
15446,0,1,False
11358,1,0,False
16736,1,0,False
15562,1,0,False
24946,1,0,False
2766,1,1,True
21108,0,1,False
882,0,0,True
6387,1,0,False
23624,1,0,False
21387,1,1,True
21131,0,1,False
20102,1,1,True
7432,0,1,False
17807,1,1,True
5204,0,0,True
5749,0,0,True
968,1,1,True
4387,0,0,True
16696,1,1,True
10237,0,1,False
21639,0,0,True
4039,1,1,True
18810,1,1,True
6196,0,0,True
20268,1,0,False
22732,1,0,False
17726,0,1,False
15456,0,1,False
9730,1,1,True
1843,0,0,True
15898,0,0,True
9635,0,0,True
4383,0,1,False
2260,0,1,False
11029,0,0,True
1617,0,1,False
12636,0,1,False
14668,0,1,False
23128,0,0,True
24147,0,1,False
18255,1,0,False
1207,1,0,False
5451,0,0,True
2922,0,1,False
16514,1,1,True
16158,1,1,True
11276,0,0,True
9876,1,1,True
22035,0,0,True
5960,1,0,False
12624,0,0,True
545,0,0,True
11628,0,1,False
17695,0,1,False
4111,0,0,True
24132,0,0,True
6830,0,1,False
1316,0,0,True
24784,0,1,False
6754,1,0,False
17356,1,1,True
23525,0,0,True
18198,1,0,False
2006,1,1,True
19676,1,0,False
14745,1,0,False
13399,0,0,True
16063,0,0,True
17309,1,0,False
14899,1,0,False
15261,0,0,True
24699,1,0,False
13390,0,0,True
17322,1,1,True
11938,1,0,False
7715,0,1,False
22312,0,1,False
15107,0,1,False
19842,0,1,False
1854,0,0,True
1719,0,1,False
8219,0,0,True
16539,0,0,True
1503,0,1,False
19559,0,0,True
21350,0,1,False
19999,1,0,False
12536,0,0,True
8667,0,1,False
23741,1,0,False
5665,0,0,True
8721,0,0,True
10120,1,0,False
10017,0,0,True
19128,0,0,True
21828,0,0,True
100,0,1,False
13270,0,0,True
1715,1,0,False
5460,0,0,True
631,1,0,False
9637,0,1,False
3826,1,0,False
254,1,0,False
5688,1,1,True
21398,0,1,False
701,0,0,True
217,0,1,False
3106,1,1,True
1131,0,0,True
5409,0,1,False
8609,0,0,True
21843,1,1,True
1964,0,0,True
14468,1,0,False
20837,0,1,False
19580,0,0,True
1871,1,1,True
2444,1,0,False
12753,0,0,True
21580,1,1,True
20044,0,0,True
4928,0,0,True
2760,0,1,False
24634,1,1,True
10106,0,0,True
4981,0,1,False
18438,1,1,True
6869,1,0,False
24051,0,1,False
17697,1,0,False
3890,0,1,False
13053,1,0,False
24783,1,0,False
12548,1,1,True
4858,1,1,True
19242,1,0,False
16584,0,0,True
15492,0,0,True
3876,1,0,False
9790,1,0,False
24764,0,1,False
1047,1,0,False
18734,1,1,True
227,1,1,True
17388,0,0,True
10870,0,0,True
5524,1,1,True
22231,1,0,False
11080,1,0,False
20795,0,0,True
18033,0,1,False
4020,1,1,True
6380,0,0,True
11055,0,1,False
19994,1,1,True
7228,1,0,False
852,1,0,False
8105,0,0,True
11856,0,1,False
13456,0,1,False
6851,0,1,False
22894,1,1,True
2490,0,0,True
19824,0,1,False
12129,0,1,False
969,0,0,True
22970,0,0,True
8503,1,1,True
13077,0,1,False
12379,0,0,True
24237,0,1,False
4999,1,0,False
7188,0,0,True
3450,1,0,False
10472,1,0,False
9932,0,1,False
6316,0,0,True
18683,1,1,True
16132,1,0,False
21106,0,0,True
13292,0,0,True
13490,1,0,False
17270,1,1,True
22387,0,1,False
6665,0,1,False
18937,1,0,False
2690,0,1,False
8666,0,1,False
22375,1,0,False
21030,0,0,True
5377,0,0,True
23235,1,0,False
16976,1,0,False
19225,1,0,False
11334,0,1,False
17934,0,1,False
5359,1,1,True
18350,0,1,False
13761,0,1,False
10053,0,0,True
11960,1,0,False
9259,0,1,False
4333,1,0,False
17736,1,0,False
22021,0,1,False
15827,0,0,True
11344,1,0,False
23349,1,0,False
5251,0,1,False
19569,0,0,True
19315,1,1,True
8349,0,1,False
4327,1,1,True
24226,1,0,False
815,1,0,False
20852,0,0,True
23930,0,1,False
16719,0,1,False
9775,0,0,True
353,1,0,False
13690,0,0,True
7332,0,1,False
9525,0,1,False
23281,0,1,False
15203,0,0,True
17443,1,1,True
8665,1,1,True
20121,1,0,False
537,1,1,True
23815,0,0,True
8031,0,0,True
19350,0,1,False
9377,0,1,False
14322,1,1,True
22831,1,1,True
17183,0,0,True
16660,1,0,False
15101,1,0,False
23450,1,0,False
544,0,1,False
526,0,0,True
17718,0,1,False
7700,1,1,True
20945,1,1,True
13611,1,0,False
3207,1,0,False
19631,0,1,False
2028,0,1,False
4485,0,1,False
28,0,0,True
16774,1,1,True
21137,1,1,True
4687,1,1,True
22932,1,1,True
11580,0,1,False
23081,1,1,True
13696,0,1,False
19825,1,1,True
14137,1,0,False
2614,0,0,True
14445,1,1,True
19155,0,1,False
6866,1,1,True
14026,1,1,True
5511,1,0,False
14151,0,0,True
15530,1,1,True
14815,1,1,True
27,1,1,True
20620,1,0,False
2448,0,1,False
16450,0,1,False
12355,0,1,False
2620,1,1,True
3305,0,0,True
17871,0,0,True
19974,0,1,False
17080,0,1,False
24148,1,0,False
15090,1,0,False
5206,1,1,True
14937,1,0,False
5232,1,1,True
3466,0,0,True
22380,1,0,False
22241,0,0,True
18303,0,0,True
19131,1,0,False
24078,1,0,False
210,0,0,True
9897,1,0,False
6156,0,1,False
15895,0,1,False
5439,0,0,True
1832,0,0,True
8606,1,0,False
16305,1,0,False
4180,0,0,True
23474,0,1,False
21529,1,0,False
21012,0,0,True
23026,0,0,True
24865,0,1,False
18922,1,0,False
18242,0,0,True
780,0,1,False
18248,1,0,False
8314,1,1,True
15982,0,1,False
20563,1,1,True
14487,1,1,True
16255,1,0,False
19749,0,0,True
15541,1,0,False
2625,0,0,True
10096,1,0,False
16521,1,0,False
11793,1,1,True
14126,0,0,True
9758,0,0,True
13329,1,1,True
21829,0,1,False
12739,1,0,False
4703,0,1,False
3492,1,0,False
24393,1,1,True
15463,0,1,False
24134,1,1,True
12361,1,0,False
23563,1,0,False
3284,0,1,False
4287,1,0,False
23397,1,1,True
13299,0,1,False
12507,0,0,True
24689,0,0,True
16941,1,0,False
9012,1,0,False
21734,1,0,False
19146,0,1,False
8398,1,1,True
20715,1,0,False
9404,0,1,False
1014,0,0,True
13735,1,0,False
17471,1,0,False
13802,0,0,True
18249,1,0,False
21901,1,1,True
7536,0,1,False
17395,1,0,False
5142,1,0,False
1673,1,1,True
10935,0,1,False
17963,0,1,False
2648,0,1,False
16507,0,1,False
17137,0,1,False
14330,1,0,False
2881,1,0,False
5932,1,0,False
10700,0,0,True
16102,1,0,False
4739,1,0,False
6390,1,1,True
23140,1,0,False
15192,0,1,False
12233,1,0,False
4299,1,1,True
23126,0,0,True
14551,0,1,False
22470,0,1,False
23932,0,0,True
7949,1,1,True
4689,0,0,True
2962,1,1,True
8119,1,1,True
695,0,1,False
24899,1,1,True
18863,0,1,False
8017,0,1,False
19783,0,0,True
24421,0,1,False
15706,0,0,True
16099,1,1,True
11124,0,1,False
7782,0,1,False
13244,0,1,False
1976,0,0,True
12927,0,1,False
3810,0,1,False
17556,1,0,False
5816,0,0,True
9387,0,0,True
21286,1,1,True
14376,0,1,False
239,0,0,True
987,1,1,True
1948,0,1,False
16270,0,1,False
19468,0,0,True
3412,0,0,True
3622,1,1,True
24762,0,0,True
21531,0,1,False
8654,1,0,False
1478,1,1,True
1121,1,0,False
17213,0,0,True
8432,1,0,False
18777,0,1,False
10786,1,0,False
200,0,1,False
1501,0,1,False
19020,0,1,False
4245,0,1,False
6743,0,1,False
21908,1,0,False
19897,1,0,False
7857,0,0,True
19599,1,1,True
12212,1,0,False
6841,0,1,False
6381,0,0,True
995,1,0,False
18762,1,1,True
4744,0,0,True
19816,0,0,True
4645,1,0,False
7165,0,0,True
5148,1,0,False
819,0,0,True
6673,0,1,False
24402,1,0,False
14877,0,1,False
22085,1,0,False
16716,1,1,True
17332,0,0,True
15376,0,0,True
824,0,0,True
8720,1,1,True
18205,0,1,False
7722,1,1,True
14076,0,0,True
18068,1,0,False
24931,1,0,False
15865,0,0,True
24110,0,1,False
10958,0,0,True
15128,1,0,False
8527,0,1,False
1893,1,1,True
496,0,1,False
6613,1,0,False
5981,0,1,False
7632,0,1,False
17630,0,1,False
8404,0,0,True
1312,0,0,True
13324,1,0,False
12480,1,1,True
8196,0,1,False
23581,0,0,True
17679,1,0,False
11599,1,1,True
15373,1,0,False
23383,0,1,False
1704,0,0,True
20335,1,1,True
8597,1,1,True
18572,0,1,False
2184,1,0,False
5436,0,1,False
8556,0,0,True
7526,0,0,True
5632,0,1,False
22103,0,0,True
12919,1,1,True
14465,0,1,False
21714,0,1,False
21576,0,0,True
16446,0,1,False
4303,1,1,True
1992,1,0,False
17764,1,1,True
9808,1,0,False
909,1,0,False
5736,0,0,True
22861,1,0,False
9764,1,0,False
21852,1,1,True
16504,0,0,True
20606,0,0,True
6886,1,1,True
14065,1,1,True
426,1,0,False
10348,0,1,False
19849,1,0,False
8312,0,0,True
22762,0,0,True
8970,0,1,False
24021,0,0,True
14475,1,1,True
10977,0,1,False
22689,0,1,False
14038,0,0,True
22778,0,0,True
11685,1,0,False
3526,0,1,False
12173,0,1,False
2931,1,0,False
16638,1,1,True
10529,0,1,False
13230,0,1,False
1844,0,0,True
16864,1,0,False
17751,0,0,True
10512,0,1,False
1374,0,0,True
9236,1,0,False
13017,1,1,True
2885,0,1,False
19929,1,1,True
1942,1,0,False
17126,0,1,False
5172,0,1,False
17626,1,0,False
24246,1,0,False
2794,0,1,False
1434,0,1,False
23219,1,1,True
16777,0,0,True
11644,0,1,False
16111,0,1,False
14524,0,1,False
6873,1,1,True
24999,0,1,False
1779,1,0,False
10825,1,1,True
8317,1,0,False
3906,0,1,False
18356,1,0,False
825,0,0,True
21433,1,1,True
13589,1,0,False
24574,0,0,True
17232,0,1,False
10612,1,0,False
9575,1,0,False
7571,0,1,False
18711,0,1,False
1947,0,1,False
917,0,1,False
20095,1,1,True
8457,0,0,True
20088,1,0,False
24953,0,0,True
18256,0,0,True
5245,0,0,True
20905,0,1,False
24061,0,1,False
24372,1,0,False
13410,0,1,False
491,1,1,True
20499,0,1,False
6190,1,0,False
11170,1,1,True
5849,0,1,False
5140,1,0,False
20166,0,1,False
22663,0,1,False
23615,0,0,True
1906,0,0,True
23090,0,0,True
9589,0,1,False
20729,0,1,False
13864,0,0,True
17592,0,0,True
20209,0,0,True
2222,0,0,True
22369,1,1,True
1856,0,0,True
11379,0,0,True
21036,0,0,True
9857,0,1,False
4136,1,1,True
5160,1,0,False
2120,1,1,True
23677,0,1,False
22774,0,1,False
13607,1,1,True
8504,0,0,True
24817,0,0,True
15737,1,0,False
5616,1,1,True
61,0,1,False
1661,0,0,True
5634,0,1,False
13233,0,0,True
1061,0,0,True
8517,0,1,False
12534,0,1,False
23022,1,0,False
19723,1,0,False
462,0,1,False
23921,1,1,True
7893,0,1,False
14201,1,0,False
11018,0,0,True
24932,0,1,False
14934,0,1,False
7231,1,0,False
2494,1,1,True
1624,0,1,False
17044,1,0,False
21566,0,1,False
20758,0,0,True
20899,0,0,True
14437,0,1,False
10398,1,0,False
22149,0,1,False
1302,0,1,False
2966,0,0,True
11784,0,0,True
11919,1,1,True
11061,0,0,True
24844,1,0,False
20523,0,1,False
6371,1,0,False
7101,1,1,True
13226,0,0,True
13158,0,1,False
9353,1,1,True
24349,0,0,True
6421,1,1,True
14584,1,0,False
21581,0,0,True
20769,0,0,True
8861,0,1,False
2902,1,1,True
502,1,1,True
4648,0,0,True
21882,0,0,True
1022,1,1,True
12765,0,0,True
2554,0,0,True
5817,0,0,True
23154,0,0,True
4349,0,0,True
17339,1,0,False
17949,1,1,True
5674,1,0,False
4254,0,1,False
21239,0,0,True
8533,1,0,False
15560,0,0,True
582,1,0,False
6354,1,0,False
15712,1,1,True
23463,0,0,True
20974,1,1,True
15938,1,1,True
22116,0,0,True
6341,1,1,True
16208,0,1,False
18025,0,1,False
18674,0,1,False
3772,0,0,True
12469,0,1,False
22899,1,1,True
9849,0,0,True
13074,0,1,False
19152,0,0,True
7942,1,0,False
11672,0,0,True
22635,1,0,False
19193,0,0,True
6805,1,1,True
8067,1,0,False
20085,0,1,False
21126,0,1,False
9251,1,1,True
21467,1,0,False
3725,0,0,True
3917,0,0,True
8497,1,0,False
21960,0,0,True
10549,1,1,True
11825,1,0,False
13738,0,0,True
11954,1,1,True
21628,0,1,False
11795,1,1,True
17576,1,1,True
23880,1,1,True
1079,0,0,True
18312,0,1,False
887,0,1,False
22271,0,0,True
16868,0,1,False
23716,0,0,True
23750,1,1,True
24509,0,1,False
11932,0,1,False
10931,1,1,True
18975,1,0,False
9627,0,1,False
23705,0,0,True
24955,0,1,False
9744,0,0,True
14363,1,1,True
15368,1,1,True
5644,1,1,True
5760,1,1,True
18588,0,0,True
22585,1,0,False
3696,0,0,True
7133,0,1,False
21768,0,1,False
948,1,1,True
551,0,0,True
5010,0,1,False
4911,0,1,False
9695,1,0,False
4932,1,0,False
7139,1,0,False
3776,0,0,True
14817,0,0,True
24243,1,0,False
22917,0,0,True
10335,0,1,False
24224,0,0,True
4085,1,1,True
15358,1,1,True
12889,0,1,False
24313,0,1,False
3112,0,1,False
23862,1,1,True
16522,1,1,True
22522,0,1,False
5709,0,1,False
15698,0,1,False
23808,1,0,False
20306,1,1,True
13065,0,0,True
248,0,1,False
6067,1,0,False
12894,1,0,False
7848,0,0,True
19947,0,0,True
15036,1,1,True
24815,0,0,True
18000,0,1,False
24282,1,0,False
9685,0,0,True
17366,0,0,True
76,0,1,False
1708,1,1,True
21438,0,0,True
4061,0,0,True
5303,0,0,True
8748,0,0,True
12416,1,1,True
16476,1,1,True
4662,1,1,True
16057,0,1,False
4883,0,1,False
8065,0,1,False
10655,1,0,False
21094,0,1,False
3760,0,1,False
17182,0,1,False
7177,1,0,False
11176,0,1,False
2615,1,0,False
19927,1,1,True
746,1,0,False
7603,1,0,False
2929,0,0,True
4683,0,1,False
13681,1,0,False
10562,1,0,False
8375,0,0,True
18715,0,0,True
11096,1,1,True
19383,0,1,False
20760,0,0,True
8818,0,0,True
12616,1,1,True
22442,1,0,False
5731,0,1,False
5814,0,1,False
21840,1,1,True
3007,1,1,True
22365,1,0,False
11854,1,0,False
3536,1,0,False
6340,1,0,False
23764,0,1,False
20949,0,0,True
1982,1,0,False
12528,1,0,False
17996,1,0,False
7768,1,0,False
19234,0,1,False
5728,1,0,False
14571,1,1,True
7,0,0,True
2893,0,1,False
12959,0,0,True
17205,0,1,False
13597,0,0,True
23248,1,0,False
17885,0,0,True
3394,1,1,True
2820,1,0,False
24010,1,1,True
14849,1,0,False
14930,1,0,False
20329,1,0,False
19752,0,0,True
7901,0,0,True
18326,0,0,True
6603,1,0,False
10143,1,1,True
2111,0,0,True
2412,1,1,True
18463,1,1,True
7076,1,0,False
15543,1,1,True
2590,0,1,False
2632,0,0,True
22495,0,0,True
20791,1,0,False
18556,1,1,True
15431,0,0,True
12826,1,1,True
22931,1,0,False
24883,0,0,True
2979,0,1,False
11313,1,0,False
9407,1,0,False
17418,1,1,True
11156,1,0,False
8068,0,0,True
24430,1,1,True
21059,0,1,False
14630,1,0,False
23246,0,1,False
3390,0,0,True
3344,1,1,True
6150,0,1,False
8315,1,1,True
13646,1,0,False
10187,1,1,True
14935,1,1,True
1375,0,1,False
17180,0,1,False
7281,1,1,True
15959,0,1,False
24895,0,0,True
18607,0,1,False
24628,0,0,True
408,1,0,False
16138,0,1,False
5577,1,0,False
10115,0,0,True
9156,0,0,True
3882,1,0,False
15854,0,0,True
12103,0,0,True
12300,0,1,False
11525,0,1,False
9047,0,0,True
2850,0,0,True
7069,0,1,False
20239,0,1,False
8450,0,0,True
9110,0,1,False
21512,1,1,True
16681,0,0,True
21736,0,0,True
23199,1,1,True
10770,1,1,True
21189,1,0,False
7452,0,1,False
3309,0,1,False
763,0,1,False
6335,0,0,True
23479,0,0,True
4278,0,1,False
18811,1,1,True
24587,0,1,False
1845,0,1,False
7555,0,1,False
13839,0,1,False
5887,0,0,True
9232,1,0,False
20253,0,1,False
14317,0,0,True
22608,1,0,False
20187,0,1,False
15613,0,0,True
5893,0,1,False
3254,1,0,False
15862,0,1,False
5100,1,1,True
6680,0,0,True
10330,1,0,False
17952,0,0,True
23104,0,1,False
12801,0,0,True
4586,0,0,True
3240,0,1,False
15064,0,0,True
11721,0,1,False
1683,0,1,False
3913,0,1,False
21450,1,1,True
11576,1,0,False
13804,1,0,False
8163,1,1,True
3382,1,0,False
3849,1,1,True
13128,0,1,False
7234,1,0,False
16535,1,1,True
22386,1,1,True
23517,0,0,True
1353,0,0,True
648,0,0,True
5601,1,0,False
13532,0,0,True
2978,1,1,True
16334,1,1,True
441,0,1,False
18652,0,1,False
9228,1,0,False
21777,1,1,True
4642,1,0,False
17862,1,0,False
607,1,0,False
1710,0,1,False
23586,1,0,False
7181,0,0,True
7633,0,1,False
23999,1,1,True
5188,0,1,False
2714,0,0,True
17811,1,0,False
10907,0,0,True
18106,1,1,True
15235,0,1,False
12295,0,0,True
4924,0,0,True
4815,0,0,True
11249,0,1,False
10527,0,0,True
23365,1,0,False
24526,0,0,True
13426,1,0,False
12631,0,0,True
10879,1,0,False
17597,0,1,False
7302,0,0,True
18021,1,1,True
21482,1,1,True
20288,1,0,False
19212,0,0,True
10957,1,1,True
3002,0,1,False
7675,1,0,False
4153,1,1,True
7730,0,0,True
848,0,0,True
10097,0,0,True
1899,0,0,True
16382,1,0,False
1596,0,0,True
8786,1,0,False
14721,0,0,True
10642,1,0,False
4808,1,1,True
19460,0,0,True
903,0,1,False
7925,1,1,True
8069,0,0,True
13697,0,1,False
11296,1,0,False
19724,0,0,True
12320,0,1,False
71,1,1,True
5761,0,0,True
5845,1,1,True
8230,1,0,False
1111,1,1,True
2849,1,0,False
22194,1,1,True
2288,0,0,True
1504,0,0,True
11790,0,0,True
21307,1,1,True
21302,1,1,True
4301,0,1,False
9168,0,1,False
21803,0,0,True
2372,1,1,True
16704,0,0,True
14312,0,0,True
17144,0,1,False
22055,0,0,True
19197,0,1,False
12256,0,1,False
14430,0,1,False
725,0,1,False
14015,1,1,True
12483,0,1,False
3650,0,0,True
22667,1,1,True
308,0,1,False
20053,0,0,True
6675,1,1,True
9198,1,1,True
13505,1,1,True
15749,0,1,False
23386,0,1,False
12012,0,0,True
517,1,1,True
20906,1,0,False
7215,0,0,True
10768,1,0,False
10665,1,1,True
613,0,0,True
6038,1,0,False
12069,0,0,True
20161,1,0,False
5955,0,0,True
20309,0,0,True
16877,0,1,False
11230,1,0,False
19462,1,0,False
15932,0,0,True
12864,1,1,True
23583,0,1,False
20990,0,1,False
11848,1,1,True
14920,1,0,False
19809,0,0,True
22820,1,1,True
6659,1,1,True
8393,0,0,True
5491,0,0,True
17530,1,1,True
5329,1,0,False
7252,0,1,False
16181,1,0,False
20841,0,1,False
19290,0,0,True
14693,1,1,True
22202,1,1,True
15201,0,0,True
10791,0,0,True
9661,0,0,True
16444,1,0,False
18644,0,1,False
19803,1,0,False
11765,1,0,False
10461,1,0,False
1878,1,1,True
13571,0,1,False
3124,1,0,False
10988,1,1,True
22020,0,1,False
22258,1,1,True
11439,1,1,True
12174,0,1,False
22142,0,0,True
18239,0,1,False
15051,0,0,True
22222,1,1,True
15177,0,1,False
4775,0,1,False
11994,0,0,True
16639,1,1,True
16709,1,0,False
2887,1,0,False
24605,1,1,True
23996,0,0,True
18066,0,1,False
12650,0,0,True
19831,1,1,True
14221,0,1,False
22728,0,1,False
5138,0,1,False
13485,0,1,False
18129,1,0,False
10601,0,0,True
7369,1,1,True
8564,0,1,False
22539,0,0,True
12828,1,0,False
18610,0,0,True
19540,1,0,False
23334,1,0,False
7837,1,0,False
2278,1,1,True
4558,0,0,True
20579,0,1,False
6714,1,1,True
23447,0,0,True
13691,0,1,False
21314,1,1,True
3922,1,0,False
8620,0,1,False
12561,1,0,False
15086,0,0,True
4123,1,0,False
2025,1,1,True
15568,1,1,True
11046,0,1,False
4855,1,1,True
6618,1,1,True
18875,0,0,True
19254,1,0,False
2316,0,0,True
5195,0,1,False
535,1,0,False
13055,1,1,True
20082,1,0,False
13246,1,1,True
16108,0,0,True
16322,0,1,False
137,1,0,False
19648,0,0,True
15574,1,0,False
9341,0,1,False
19256,0,0,True
5368,0,0,True
12306,0,0,True
10847,0,1,False
6146,0,0,True
17639,1,1,True
19027,1,1,True
20993,0,1,False
15488,0,1,False
17668,1,0,False
19869,0,1,False
20714,1,1,True
4913,0,1,False
23823,1,0,False
21499,1,0,False
15362,1,0,False
9274,1,0,False
5966,1,1,True
8213,1,0,False
15171,0,0,True
6417,1,0,False
22713,0,0,True
7092,0,1,False
1691,1,0,False
17703,1,1,True
12613,1,1,True
22451,0,0,True
8836,1,0,False
15258,0,0,True
22949,0,1,False
15216,1,1,True
9170,1,0,False
17043,1,0,False
18597,0,1,False
4502,1,0,False
11499,0,0,True
19696,1,0,False
21830,0,1,False
10018,1,1,True
6587,0,1,False
4307,0,1,False
4825,1,1,True
12984,0,0,True
19412,0,0,True
21211,0,0,True
24390,1,0,False
1818,0,0,True
14975,0,1,False
6813,1,1,True
22308,1,0,False
3501,0,1,False
7679,0,0,True
22224,0,1,False
18343,0,0,True
16285,0,0,True
18238,0,1,False
9810,0,1,False
20224,1,1,True
9417,0,0,True
5122,0,1,False
885,1,0,False
15160,1,1,True
6791,0,1,False
7070,0,0,True
6186,0,1,False
6006,0,0,True
13472,0,1,False
7525,1,1,True
12206,1,0,False
894,1,1,True
17002,0,1,False
14439,1,0,False
13427,0,1,False
13120,0,1,False
22100,0,1,False
18421,0,1,False
17866,0,0,True
2479,0,0,True
13502,0,1,False
16679,0,0,True
941,0,0,True
14683,1,0,False
21713,1,1,True
7707,0,1,False
20206,1,1,True
23319,0,1,False
17111,0,1,False
3023,1,1,True
2998,0,1,False
13258,1,0,False
21942,0,0,True
24690,1,1,True
9246,1,1,True
11870,0,1,False
21608,1,0,False
6491,0,0,True
6953,1,0,False
11648,1,1,True
12294,0,0,True
13363,0,0,True
9726,0,0,True
20801,1,1,True
2957,1,0,False
856,0,0,True
23218,0,1,False
2429,0,0,True
22617,0,1,False
6021,1,1,True
13840,1,0,False
4306,1,1,True
20435,0,1,False
20023,1,1,True
21316,0,1,False
11281,1,0,False
16248,1,0,False
7945,1,1,True
17712,1,1,True
18270,0,0,True
6209,0,0,True
7147,1,1,True
17739,1,0,False
1600,1,1,True
22204,0,0,True
3751,1,0,False
7779,0,1,False
18495,1,1,True
7677,1,0,False
15135,1,0,False
15389,1,0,False
15964,0,1,False
2183,0,1,False
6217,0,1,False
23963,0,1,False
19151,1,1,True
8760,1,0,False
8160,0,0,True
2528,1,0,False
13203,0,1,False
15735,1,1,True
20623,1,1,True
15589,1,0,False
12542,1,0,False
19514,0,1,False
1718,0,1,False
10866,0,1,False
21175,0,0,True
8926,1,0,False
18856,0,1,False
12463,1,0,False
21116,0,0,True
22701,1,0,False
7582,0,0,True
5096,1,1,True
12983,0,1,False
24291,1,0,False
20569,1,0,False
23423,1,1,True
23118,1,0,False
8803,0,1,False
165,1,0,False
15185,1,1,True
20169,1,1,True
18561,1,0,False
23820,1,0,False
177,0,1,False
17190,1,0,False
12454,0,0,True
20599,1,1,True
11697,0,1,False
5210,1,0,False
19976,0,0,True
2392,0,0,True
17600,0,1,False
15348,1,1,True
5484,0,1,False
16167,1,0,False
709,1,1,True
7728,1,1,True
4435,0,0,True
9114,0,0,True
23693,1,1,True
22716,0,0,True
9200,0,0,True
17749,0,1,False
9316,1,0,False
11535,0,1,False
2790,1,0,False
14476,0,1,False
11250,1,0,False
20521,0,0,True
2033,0,1,False
10230,0,1,False
15102,0,1,False
9242,1,1,True
13339,0,1,False
14911,0,0,True
21384,0,1,False
21430,0,1,False
486,0,1,False
2883,0,1,False
23098,1,0,False
6241,1,1,True
9382,1,1,True
2964,0,0,True
7129,0,1,False
23964,0,1,False
9759,0,0,True
20354,1,1,True
1645,1,1,True
9115,1,0,False
12102,1,1,True
934,1,1,True
17064,0,1,False
17517,1,1,True
8916,0,1,False
22225,0,1,False
14842,0,0,True
15963,1,0,False
24771,0,1,False
16183,1,1,True
6858,1,1,True
1722,1,1,True
17098,0,0,True
18151,0,0,True
18393,0,1,False
19220,0,0,True
22573,0,1,False
4356,1,0,False
21117,0,0,True
7300,1,0,False
7783,0,0,True
23019,1,1,True
21138,0,0,True
8059,0,0,True
20205,1,0,False
24517,0,1,False
4512,1,1,True
14340,1,1,True
24089,1,1,True
10830,0,1,False
16534,0,0,True
14950,1,1,True
278,0,1,False
169,0,1,False
7470,1,1,True
12486,1,1,True
22674,1,0,False
9671,0,1,False
15629,1,1,True
16677,0,1,False
23366,0,0,True
1155,1,0,False
24562,0,0,True
12344,0,0,True
1444,0,0,True
22162,0,1,False
19967,0,0,True
3977,0,0,True
19860,0,0,True
23352,0,1,False
8569,1,1,True
14153,1,1,True
9457,0,1,False
19905,1,1,True
18826,0,1,False
15464,0,0,True
15697,0,0,True
15139,0,1,False
2713,0,1,False
16485,0,0,True
9499,0,0,True
14876,1,0,False
22849,1,1,True
10599,1,0,False
17440,1,1,True
211,0,0,True
9448,1,1,True
13698,1,1,True
1541,1,1,True
15582,0,0,True
18173,1,0,False
9519,0,1,False
12038,1,1,True
9561,0,1,False
18920,0,0,True
13234,0,1,False
21678,1,0,False
1952,0,1,False
7409,0,0,True
12398,0,1,False
20574,1,0,False
17145,0,1,False
22260,0,1,False
19702,1,1,True
5449,1,0,False
15770,0,0,True
6664,1,0,False
24666,1,0,False
7274,0,1,False
10680,1,0,False
3172,0,1,False
4195,0,0,True
11796,1,1,True
639,1,1,True
1442,0,1,False
17207,0,1,False
17162,0,1,False
24451,0,1,False
139,0,1,False
13844,0,0,True
17737,1,1,True
17013,1,1,True
3728,1,1,True
12441,0,1,False
17686,1,1,True
24483,1,1,True
15533,0,0,True
22614,0,0,True
16,1,0,False
14264,1,0,False
8080,0,1,False
23350,1,1,True
15044,0,1,False
19945,1,1,True
3886,0,0,True
5492,1,1,True
22455,0,0,True
4617,1,1,True
14900,0,1,False
21243,0,0,True
21052,0,0,True
22302,0,0,True
3359,1,1,True
6798,0,0,True
2634,0,0,True
5851,0,1,False
3502,1,1,True
22833,0,0,True
3475,0,0,True
18691,1,0,False
4375,1,1,True
11588,1,0,False
13595,1,1,True
20676,0,1,False
17174,0,1,False
4654,0,1,False
13515,1,1,True
16439,1,1,True
23204,1,0,False
6769,1,1,True
4304,1,1,True
6311,1,1,True
19238,1,0,False
10430,1,1,True
11873,0,0,True
6765,0,1,False
14348,0,1,False
6448,0,0,True
7171,0,0,True
10542,0,0,True
18062,0,0,True
10376,0,0,True
23995,0,0,True
13952,1,1,True
3969,0,1,False
658,0,1,False
11366,1,1,True
13080,1,0,False
2656,1,1,True
2928,1,1,True
21382,0,0,True
9433,0,0,True
21212,0,1,False
18694,0,0,True
14649,0,1,False
13888,1,0,False
15758,0,1,False
8687,0,0,True
12721,1,1,True
11175,0,1,False
222,1,1,True
20276,0,1,False
14301,0,0,True
11137,1,0,False
2916,0,0,True
14023,0,0,True
12428,0,1,False
24080,0,1,False
22009,1,0,False
3021,0,0,True
16684,1,0,False
13425,1,0,False
23953,1,0,False
17775,0,1,False
2707,0,0,True
23874,0,0,True
19731,1,0,False
12780,1,1,True
18211,0,1,False
3936,1,0,False
16805,0,0,True
15998,0,1,False
6536,1,0,False
24731,1,0,False
12403,0,0,True
18594,0,0,True
1088,1,1,True
9169,1,1,True
14736,1,1,True
16905,1,0,False
13450,0,1,False
22385,1,0,False
8056,0,0,True
1669,0,1,False
23492,0,1,False
10832,1,0,False
22655,1,0,False
4161,1,0,False
23290,1,0,False
22354,0,0,True
17569,0,0,True
13791,0,0,True
1611,0,0,True
20458,1,1,True
20726,1,0,False
21317,0,0,True
4408,1,0,False
10593,1,1,True
2000,0,0,True
4833,1,0,False
19496,0,1,False
1239,0,1,False
1758,0,1,False
22029,0,1,False
7645,1,1,True
23286,1,0,False
4801,1,0,False
463,0,1,False
6930,1,0,False
21325,0,0,True
1763,0,1,False
4943,1,1,True
12674,1,1,True
11164,1,0,False
14220,0,0,True
8445,0,0,True
11336,0,1,False
12510,1,1,True
16088,0,0,True
16803,1,1,True
7042,0,0,True
3378,0,0,True
20674,0,1,False
15112,1,1,True
20057,0,1,False
17486,1,0,False
9771,1,0,False
22596,1,0,False
3273,0,0,True
11583,0,0,True
23946,1,0,False
5296,1,0,False
13403,1,1,True
15945,0,1,False
18956,0,1,False
20275,0,1,False
21704,0,0,True
18712,1,0,False
5993,1,1,True
15595,0,1,False
591,0,0,True
20695,0,0,True
17020,0,1,False
20446,1,1,True
10232,0,0,True
15486,0,1,False
7310,1,1,True
10519,1,1,True
7443,1,0,False
15489,0,0,True
246,0,1,False
6442,0,0,True
18370,0,1,False
6240,1,1,True
1769,1,1,True
22574,0,0,True
1958,0,0,True
16311,1,0,False
11630,0,0,True
2236,0,0,True
11292,1,0,False
7025,0,1,False
5205,0,1,False
6909,0,1,False
2882,0,0,True
2344,1,0,False
5830,0,1,False
68,1,1,True
10467,1,1,True
11092,0,1,False
9800,0,1,False
22565,0,0,True
3909,0,0,True
1096,1,1,True
12573,0,0,True
6581,1,1,True
20893,0,1,False
16520,1,0,False
21530,1,0,False
19604,0,1,False
22622,0,0,True
10300,0,0,True
10643,0,1,False
1156,0,1,False
20628,0,0,True
8218,1,1,True
24706,1,0,False
1766,1,0,False
21703,1,1,True
12625,0,1,False
12639,1,1,True
43,0,1,False
14203,0,1,False
10683,1,1,True
2806,1,1,True
13047,1,0,False
20043,0,0,True
21097,1,1,True
24104,0,1,False
21439,0,1,False
18136,1,1,True
17508,0,0,True
10548,0,1,False
23676,0,0,True
6374,0,0,True
24459,0,1,False
16979,0,1,False
2148,1,0,False
12741,0,0,True
6041,1,1,True
8388,1,1,True
4087,1,0,False
4823,1,1,True
3816,1,0,False
22888,1,0,False
20538,0,1,False
17150,0,0,True
1057,1,0,False
6158,0,0,True
16794,1,1,True
11915,1,0,False
15797,1,0,False
23625,0,1,False
7054,0,1,False
23002,0,1,False
1420,1,0,False
8663,1,1,True
9123,1,1,True
21172,1,0,False
24954,1,0,False
6231,0,0,True
10083,0,0,True
24620,1,1,True
20040,1,0,False
17355,0,0,True
2427,1,0,False
10260,0,0,True
7713,0,0,True
20083,0,0,True
9396,0,1,False
18886,0,0,True
10045,1,0,False
24137,1,1,True
24907,0,1,False
1711,0,1,False
21969,0,0,True
190,0,0,True
16788,0,0,True
14099,1,1,True
10590,0,0,True
8212,0,0,True
19394,1,0,False
2283,0,1,False
2663,0,1,False
22562,0,0,True
20149,1,0,False
8552,1,0,False
12895,0,0,True
1628,0,0,True
23220,0,0,True
13965,0,1,False
1033,1,0,False
15371,1,0,False
1229,1,0,False
11087,0,1,False
13178,0,1,False
13409,1,1,True
12512,0,0,True
8572,1,0,False
8854,1,0,False
6594,1,0,False
1857,1,1,True
21418,1,0,False
3306,1,0,False
12558,1,0,False
8645,1,0,False
7241,0,0,True
12026,0,0,True
10389,0,0,True
5213,0,1,False
17596,0,1,False
17747,1,1,True
18473,0,0,True
11566,1,0,False
8479,0,1,False
2082,0,1,False
9125,1,0,False
13862,0,0,True
4176,1,0,False
21105,0,0,True
5114,0,0,True
13093,0,1,False
6983,0,0,True
14912,0,0,True
5366,0,1,False
13717,0,0,True
24674,1,1,True
9617,1,1,True
10621,0,1,False
8551,0,1,False
5714,0,0,True
6989,0,1,False
793,1,0,False
9369,0,0,True
3479,1,1,True
5630,1,1,True
10443,0,1,False
1109,1,0,False
59,1,0,False
15350,1,0,False
24476,0,0,True
1978,0,0,True
22303,0,0,True
8470,0,0,True
7982,1,0,False
17177,1,1,True
2953,0,0,True
21434,1,1,True
3914,0,0,True
8655,1,0,False
15996,0,1,False
23111,1,1,True
9014,1,0,False
864,0,0,True
18895,0,0,True
18605,0,1,False
6095,1,0,False
3538,0,0,True
21355,1,1,True
4037,1,0,False
745,0,0,True
4616,0,0,True
10670,0,0,True
2529,0,0,True
1794,1,1,True
1581,1,0,False
7694,0,1,False
5729,1,1,True
10269,1,0,False
8191,1,1,True
546,0,0,True
23810,0,0,True
16836,1,1,True
13936,1,0,False
13823,1,0,False
17730,0,0,True
7660,1,0,False
14225,0,1,False
21424,0,0,True
20834,1,1,True
22714,0,1,False
19262,0,0,True
23828,0,1,False
6906,0,0,True
14913,1,1,True
21360,0,0,True
13558,1,0,False
12840,1,0,False
17604,1,0,False
8689,1,0,False
14393,1,1,True
7528,0,1,False
24531,1,1,True
17621,0,1,False
21603,0,0,True
9218,0,1,False
7533,1,1,True
5963,0,1,False
24869,0,0,True
11444,0,0,True
10705,0,0,True
17539,1,1,True
6250,0,1,False
5679,1,0,False
12656,1,1,True
13530,0,0,True
12603,1,0,False
11026,0,0,True
14043,0,0,True
14991,0,1,False
19101,1,0,False
8435,0,0,True
19002,1,0,False
1472,0,1,False
2122,0,0,True
3073,1,0,False
19685,1,0,False
5597,1,1,True
21656,0,0,True
18230,1,1,True
5455,0,1,False
9871,1,1,True
6235,1,0,False
15903,1,0,False
13114,0,1,False
21419,0,0,True
4778,0,0,True
191,0,1,False
14927,1,1,True
23721,0,0,True
13617,0,1,False
10698,0,1,False
58,0,1,False
2128,0,1,False
20227,1,0,False
17291,0,1,False
3418,1,0,False
10812,0,1,False
3935,0,0,True
19771,0,1,False
12431,0,0,True
20267,0,0,True
23179,1,0,False
7993,0,0,True
19336,1,1,True
21831,0,1,False
24095,0,0,True
21493,1,1,True
9611,1,0,False
0,1,0,False
20752,1,0,False
3291,0,0,True
23817,0,1,False
23885,0,0,True
15466,1,0,False
5781,0,1,False
6178,0,0,True
11258,0,1,False
23673,0,1,False
1154,0,1,False
10928,0,1,False
15960,0,1,False
17797,0,1,False
17582,0,0,True
2289,1,1,True
17217,0,1,False
21536,1,0,False
6057,1,1,True
10724,0,0,True
16952,0,0,True
2060,0,0,True
23269,1,1,True
21982,1,1,True
11993,0,0,True
22347,0,0,True
5395,0,0,True
6396,0,1,False
17727,1,0,False
9327,1,1,True
17685,0,0,True
6492,1,0,False
6055,0,1,False
7246,0,1,False
24034,0,1,False
1702,1,1,True
9126,0,1,False
757,1,0,False
3048,1,1,True
6702,0,0,True
15200,0,1,False
4898,0,1,False
11252,1,0,False
11851,0,1,False
15195,1,0,False
22198,0,0,True
4164,0,1,False
3035,1,0,False
12710,0,0,True
21545,1,1,True
1299,0,1,False
18825,1,0,False
9564,0,1,False
21975,1,1,True
22993,1,0,False
9920,0,0,True
23153,0,1,False
15484,0,1,False
8625,1,0,False
21686,0,1,False
7414,0,1,False
17094,0,0,True
8425,1,0,False
11286,0,1,False
10050,0,0,True
23639,1,1,True
18686,1,1,True
9769,1,1,True
5558,1,0,False
11884,1,0,False
20123,1,0,False
2507,1,0,False
1486,0,0,True
22490,0,1,False
1363,1,0,False
16751,0,1,False
9902,0,0,True
13893,0,0,True
2705,0,1,False
21833,0,0,True
20278,1,1,True
19239,0,1,False
9754,1,0,False
7367,0,0,True
12313,0,1,False
21873,0,0,True
21168,0,0,True
13420,1,1,True
17241,1,1,True
7268,1,1,True
12326,1,0,False
5415,1,0,False
21089,1,1,True
906,1,1,True
6172,0,1,False
20910,1,1,True
24396,0,0,True
21201,1,0,False
6706,0,1,False
2484,1,0,False
10932,1,1,True
24607,0,1,False
14791,0,1,False
19628,0,1,False
4910,0,1,False
23560,0,1,False
1282,0,0,True
1469,1,0,False
12882,1,1,True
2132,1,1,True
6486,0,1,False
9989,0,1,False
16510,0,1,False
16718,0,0,True
20064,0,1,False
2947,1,0,False
15290,1,1,True
21763,0,0,True
5546,0,1,False
2096,0,0,True
24722,0,1,False
1182,0,0,True
2220,1,1,True
24077,1,1,True
7829,1,0,False
16782,1,0,False
5656,0,0,True
2210,0,0,True
12025,1,1,True
9398,1,0,False
20829,0,0,True
24589,1,1,True
5217,0,0,True
10310,0,0,True
20355,1,1,True
11032,1,0,False
11068,0,0,True
2698,0,1,False
3480,0,1,False
10277,0,0,True
21841,0,0,True
4167,0,0,True
24705,1,1,True
6031,0,1,False
21629,0,0,True
24382,1,0,False
22175,0,0,True
12922,0,1,False
3827,0,0,True
5607,1,0,False
23987,0,0,True
23833,1,1,True
1796,0,1,False
8363,1,0,False
13937,0,1,False
16471,1,0,False
1892,0,1,False
8509,0,0,True
11348,0,1,False
9993,0,1,False
7873,0,1,False
5380,1,1,True
13770,1,0,False
7557,0,0,True
9411,0,0,True
6082,0,1,False
23042,0,0,True
2198,0,0,True
19466,0,0,True
23557,1,1,True
7028,0,0,True
10710,1,1,True
3343,1,0,False
14410,1,0,False
10831,0,0,True
10158,0,1,False
779,0,1,False
20919,1,1,True
10162,1,0,False
21879,0,1,False
10569,1,1,True
4574,0,1,False
13413,0,1,False
10859,1,1,True
14977,1,1,True
22397,1,0,False
23522,0,1,False
12197,1,0,False
4612,0,0,True
16435,0,0,True
11443,1,1,True
14993,1,0,False
18690,0,0,True
18467,0,1,False
9703,1,1,True
18055,1,1,True
18544,1,0,False
1103,0,1,False
21223,1,0,False
4218,1,0,False
7138,1,0,False
19610,0,1,False
18536,0,1,False
17824,0,0,True
17537,1,1,True
7823,1,1,True
5175,1,0,False
774,0,1,False
23738,1,1,True
14210,1,0,False
543,1,0,False
181,1,0,False
22810,1,1,True
5846,0,0,True
23339,1,1,True
3012,1,1,True
5162,0,0,True
12099,0,0,True
973,0,0,True
8452,0,0,True
12808,0,0,True
14836,1,1,True
18456,1,0,False
18681,1,0,False
6526,0,1,False
3461,0,0,True
24321,1,0,False
2121,0,0,True
10507,1,0,False
23498,0,1,False
24381,0,0,True
12622,0,0,True
16200,1,1,True
11395,1,0,False
13123,1,0,False
11165,1,0,False
24141,0,1,False
13145,0,1,False
1467,1,1,True
20381,0,1,False
13239,0,0,True
7306,0,0,True
6504,1,0,False
15008,0,1,False
3152,0,0,True
9848,1,0,False
5360,0,0,True
2261,0,1,False
1592,0,0,True
2076,0,0,True
10828,0,0,True
20071,1,0,False
4393,1,0,False
9762,0,1,False
11817,0,0,True
11100,1,1,True
23112,0,0,True
20985,0,0,True
20618,0,1,False
7037,1,1,True
15690,0,0,True
1625,1,0,False
13030,0,0,True
23780,0,1,False
13912,1,0,False
4956,0,0,True
16698,0,1,False
6008,0,1,False
9069,1,0,False
3895,1,0,False
8367,0,0,True
20031,0,0,True
21098,0,1,False
19044,0,1,False
22482,0,1,False
9559,1,1,True
9965,0,1,False
16086,0,1,False
18877,0,1,False
14310,0,1,False
23508,1,1,True
13166,1,0,False
6583,0,0,True
6389,0,0,True
10639,1,0,False
19199,1,0,False
21563,1,1,True
17850,0,0,True
18666,0,0,True
12772,1,1,True
2597,1,0,False
7979,0,1,False
7546,1,1,True
3038,1,1,True
22110,1,0,False
19914,0,0,True
21891,0,1,False
580,0,1,False
10995,0,0,True
16220,1,1,True
3894,0,0,True
17226,1,0,False
22136,1,0,False
15191,1,1,True
24959,0,0,True
8627,1,0,False
1140,0,1,False
11751,0,0,True
13486,1,1,True
23518,1,1,True
10561,0,0,True
22233,0,0,True
1698,0,1,False
12886,1,1,True
7392,0,1,False
17022,0,0,True
18481,0,0,True
5020,0,1,False
21088,1,0,False
622,0,1,False
3941,1,0,False
20127,1,1,True
1752,1,0,False
7917,0,0,True
13362,0,0,True
24463,1,1,True
22541,1,0,False
21643,0,0,True
14365,0,0,True
22896,0,0,True
3822,0,0,True
9676,0,1,False
8846,0,1,False
13667,0,1,False
11129,0,1,False
12072,1,1,True
21857,0,0,True
14732,1,0,False
2784,0,0,True
9792,0,1,False
255,0,0,True
420,1,0,False
9195,1,0,False
8812,0,0,True
14027,0,1,False
11952,1,1,True
16029,1,1,True
1697,0,1,False
5964,1,1,True
12951,1,1,True
5242,1,1,True
9890,1,0,False
13387,0,1,False
6270,0,0,True
6688,0,0,True
18018,0,0,True
16254,1,1,True
24512,0,1,False
12245,1,0,False
2770,0,1,False
3802,1,0,False
22702,0,0,True
3931,0,1,False
16656,0,1,False
6328,0,1,False
22078,0,1,False
12074,1,0,False
8235,0,0,True
6580,1,0,False
17713,1,1,True
1908,1,1,True
653,1,0,False
22947,0,1,False
21544,1,0,False
209,1,1,True
9255,0,1,False
5561,1,0,False
14548,1,0,False
17646,0,1,False
17692,1,0,False
13808,1,0,False
14235,1,1,True
23612,0,0,True
20285,0,1,False
8023,0,0,True
4199,0,0,True
19537,0,0,True
12474,0,0,True
5012,1,0,False
2379,0,0,True
5083,1,1,True
3632,1,1,True
6140,1,1,True
20869,0,1,False
23342,0,0,True
9023,1,1,True
10227,0,0,True
4291,1,0,False
17468,1,0,False
20690,0,1,False
17641,1,0,False
3141,1,0,False
10810,0,0,True
13445,1,1,True
11112,0,0,True
8831,1,0,False
14798,1,1,True
23245,1,0,False
9075,0,0,True
24619,1,1,True
21646,0,0,True
8954,1,1,True
7169,1,0,False
9566,0,0,True
8749,0,0,True
12996,1,0,False
19097,0,1,False
5433,0,0,True
4049,0,0,True
3405,0,0,True
2647,1,1,True
18089,0,1,False
13705,0,1,False
2389,1,0,False
11664,1,1,True
11874,0,1,False
17306,1,0,False
9904,1,1,True
15635,0,1,False
3982,0,0,True
19546,1,1,True
8730,1,0,False
4379,1,0,False
13206,0,1,False
3358,0,1,False
10874,0,1,False
16025,0,0,True
19450,1,0,False
370,1,0,False
3701,1,1,True
17545,0,0,True
15943,0,0,True
14387,0,0,True
6713,1,1,True
14413,0,1,False
4831,0,0,True
21198,1,0,False
1173,0,0,True
10721,0,0,True
19750,1,1,True
23051,1,1,True
10403,0,0,True
10406,0,1,False
20994,1,1,True
10583,1,1,True
8279,1,1,True
8722,1,0,False
12339,0,0,True
16016,0,0,True
1598,0,0,True
18892,1,0,False
14073,1,0,False
5157,0,1,False
11148,0,1,False
1824,1,0,False
15940,0,0,True
15053,1,1,True
3118,0,1,False
18029,0,1,False
16028,0,1,False
24576,1,1,True
22494,1,0,False
17049,1,0,False
14983,1,0,False
912,0,0,True
14892,0,0,True
1833,0,0,True
7877,0,1,False
3013,1,0,False
19432,0,0,True
19697,0,1,False
18818,1,0,False
20134,0,1,False
22532,1,0,False
22401,0,1,False
8337,1,1,True
150,1,0,False
16654,1,1,True
17035,1,0,False
8616,0,0,True
15565,0,1,False
23610,1,0,False
976,0,1,False
6825,1,0,False
21054,0,0,True
8359,1,0,False
9955,0,1,False
15545,0,0,True
21233,0,1,False
16053,1,1,True
2092,0,1,False
10539,1,0,False
259,0,1,False
2308,1,1,True
1060,1,1,True
13370,0,1,False
22994,0,0,True
20025,1,1,True
6918,0,1,False
2258,1,1,True
4479,0,1,False
13162,1,1,True
8379,0,1,False
22002,0,1,False
5184,1,1,True
18869,0,1,False
15146,1,1,True
22979,1,1,True
12917,0,0,True
2801,1,0,False
7144,0,1,False
24753,1,1,True
13920,0,1,False
22022,1,1,True
20428,0,0,True
3066,0,0,True
6867,1,0,False
18959,1,1,True
22127,1,1,True
23240,0,0,True
188,1,1,True
23190,0,1,False
9032,0,1,False
7428,1,0,False
12663,0,1,False
23131,1,0,False
20532,0,0,True
12742,0,1,False
7655,0,1,False
11944,1,0,False
22729,0,0,True
18808,0,0,True
17341,0,1,False
5109,1,0,False
16011,0,0,True
2652,0,0,True
2506,1,1,True
3032,0,1,False
16328,0,1,False
8111,1,0,False
9496,1,0,False
8867,1,0,False
6854,0,0,True
15089,0,0,True
9267,1,0,False
10011,1,0,False
11591,0,0,True
18070,0,1,False
8165,0,0,True
6030,1,1,True
2411,0,1,False
5854,1,0,False
8567,0,0,True
22976,0,1,False
1388,0,0,True
6336,1,1,True
24777,1,1,True
1707,1,1,True
11116,0,0,True
22467,1,0,False
10677,0,0,True
7045,0,0,True
15991,1,0,False
18360,0,1,False
5917,0,0,True
20663,1,0,False
13072,0,0,True
11867,0,0,True
13993,0,0,True
3677,1,1,True
21528,0,0,True
6716,0,0,True
1364,0,0,True
11238,0,1,False
16517,0,1,False
16780,1,1,True
1930,0,0,True
22456,0,1,False
17425,0,0,True
5379,0,0,True
16395,0,0,True
22144,1,1,True
14800,0,0,True
12732,1,0,False
17011,0,0,True
116,0,1,False
14306,1,0,False
18660,1,1,True
10564,0,0,True
13995,0,1,False
21362,1,0,False
17063,0,1,False
14219,0,0,True
9911,0,1,False
3178,0,0,True
20020,1,1,True
5896,0,1,False
17212,0,0,True
22512,1,1,True
1540,0,1,False
19186,0,1,False
1164,0,1,False
9594,0,0,True
20656,1,1,True
12869,1,1,True
24778,1,0,False
12611,0,1,False
10007,1,0,False
12479,0,0,True
21894,1,1,True
5944,1,0,False
13706,1,0,False
19182,0,0,True
3801,1,1,True
20873,0,0,True
14355,0,1,False
2382,0,1,False
18692,1,0,False
13455,1,1,True
24388,0,0,True
21003,1,1,True
21907,1,1,True
24786,0,1,False
15926,0,0,True
3483,1,1,True
19297,1,1,True
4217,1,0,False
23690,0,1,False
7282,0,0,True
10671,1,1,True
13644,1,0,False
9586,0,0,True
19520,0,1,False
15071,1,1,True
8607,0,0,True
20549,1,0,False
18091,1,1,True
6651,0,0,True
13280,0,0,True
23842,0,1,False
13524,0,1,False
16694,1,1,True
3900,0,1,False
16480,0,0,True
6670,0,0,True
14691,1,1,True
15183,0,1,False
7575,1,1,True
17409,1,0,False
6611,0,1,False
10282,1,0,False
21490,1,0,False
5671,0,1,False
14386,1,0,False
17666,0,1,False
17809,0,1,False
23589,0,1,False
20176,1,0,False
17774,0,1,False
5248,1,1,True
8601,0,1,False
20399,1,1,True
5933,1,1,True
13526,1,1,True
18252,0,1,False
22780,1,1,True
21277,0,1,False
17950,0,0,True
18907,1,1,True
4355,1,1,True
17614,0,1,False
19698,0,0,True
13343,1,0,False
3384,0,0,True
14914,0,1,False
17833,1,0,False
6766,0,0,True
15121,1,1,True
22415,0,0,True
22188,1,1,True
11126,0,0,True
16859,0,1,False
2062,0,0,True
22765,1,0,False
15300,0,0,True
20754,1,0,False
6247,0,0,True
6900,0,0,True
3535,1,1,True
3105,1,1,True
22736,1,1,True
1510,1,1,True
13929,0,0,True
23206,0,0,True
858,1,1,True
21790,1,0,False
4096,1,0,False
5581,0,1,False
3773,0,1,False
2232,0,0,True
21605,1,0,False
18376,0,0,True
3119,0,1,False
24480,0,1,False
22756,0,0,True
20862,0,0,True
12965,0,0,True
13750,1,1,True
11376,1,0,False
12771,0,0,True
20645,1,0,False
16116,0,0,True
21265,1,0,False
5227,0,0,True
21944,0,0,True
7794,1,0,False
7005,0,1,False
22051,1,1,True
14709,0,0,True
9151,1,1,True
22638,0,1,False
12139,0,0,True
13625,0,0,True
21132,1,0,False
19133,0,1,False
7427,0,1,False
2822,1,1,True
5586,1,1,True
15326,1,0,False
8794,0,1,False
11034,0,0,True
21600,0,0,True
2116,1,1,True
21422,1,1,True
21755,0,1,False
19241,0,0,True
7204,1,1,True
19105,0,0,True
15207,1,0,False
376,1,1,True
17236,0,0,True
9045,0,1,False
2070,0,0,True
809,1,1,True
11300,1,0,False
7906,1,0,False
399,0,0,True
11030,1,0,False
23506,0,1,False
14593,1,0,False
14825,0,0,True
13379,0,0,True
3625,0,1,False
24238,0,1,False
2971,0,0,True
8134,0,1,False
20251,0,0,True
17259,1,1,True
11813,1,1,True
16289,0,1,False
16500,1,0,False
3589,0,0,True
10890,0,1,False
1671,1,1,True
14309,0,0,True
14891,0,1,False
11099,0,1,False
6836,0,1,False
24630,1,0,False
13330,0,0,True
22971,1,0,False
9225,0,0,True
17173,0,0,True
22435,0,1,False
14133,1,0,False
15254,0,1,False
6560,0,1,False
20590,1,1,True
10195,0,1,False
18160,0,1,False
3238,0,0,True
7126,1,0,False
11641,1,0,False
15632,0,1,False
24987,0,0,True
20770,0,0,True
13062,1,0,False
6578,0,0,True
16147,0,1,False
21293,0,1,False
16626,1,0,False
15824,1,1,True
2649,0,0,True
11524,1,0,False
24886,0,0,True
2952,1,1,True
7604,0,0,True
5698,0,1,False
23095,1,1,True
15532,1,1,True
21445,0,1,False
245,0,0,True
11724,0,1,False
18074,1,0,False
14856,1,0,False
9684,0,0,True
12963,1,1,True
1733,0,1,False
7804,1,1,True
15438,0,1,False
18864,1,0,False
11391,1,1,True
14943,1,1,True
17608,0,0,True
21532,1,0,False
23984,0,1,False
7041,1,0,False
4247,0,1,False
8641,0,1,False
1452,1,1,True
13442,0,0,True
10192,0,1,False
12818,0,0,True
13204,1,0,False
10792,1,0,False
1549,1,0,False
19547,0,0,True
8696,0,0,True
9256,1,1,True
15681,1,1,True
979,0,0,True
18893,1,1,True
20878,0,0,True
10924,1,1,True
12848,0,0,True
22935,0,1,False
15056,0,1,False
10371,0,0,True
5808,0,1,False
6894,0,0,True
22111,1,1,True
14479,1,1,True
6921,1,0,False
23669,1,0,False
17059,1,0,False
4921,0,1,False
9356,0,0,True
2514,0,1,False
18631,1,1,True
1020,0,0,True
4475,0,0,True
1091,0,0,True
24566,0,1,False
16499,1,0,False
14512,1,1,True
3324,1,0,False
13876,0,1,False
20587,0,1,False
8015,1,1,True
4305,1,1,True
10404,1,1,True
18591,0,0,True
2052,0,1,False
1369,1,1,True
20771,1,1,True
23994,0,0,True
16839,0,0,True
23931,0,1,False
10005,0,1,False
14143,1,1,True
14130,0,1,False
20843,0,1,False
15956,0,0,True
6976,1,0,False
3381,0,0,True
20178,0,1,False
3241,0,0,True
8251,0,1,False
8837,1,1,True
22170,0,0,True
19435,1,1,True
24713,1,0,False
23527,1,0,False
12035,0,1,False
13057,0,0,True
5446,0,1,False
9386,0,1,False
3183,0,0,True
17079,1,0,False
10531,1,1,True
23162,0,1,False
4052,0,1,False
13905,0,0,True
1328,1,1,True
8035,0,1,False
22867,1,0,False
7062,0,0,True
23142,1,0,False
5456,0,1,False
13411,0,0,True
9963,1,0,False
21229,0,0,True
12175,1,1,True
17441,0,1,False
1381,0,0,True
14894,1,0,False
7953,0,1,False
12281,1,1,True
5161,1,1,True
1440,1,1,True
10130,0,0,True
17778,0,0,True
13946,1,0,False
11310,0,1,False
2168,0,1,False
14463,0,0,True
12541,0,0,True
24625,0,1,False
3232,0,1,False
18866,1,1,True
17705,0,1,False
15063,0,1,False
17215,1,1,True
24795,0,1,False
18182,1,1,True
22892,1,1,True
16606,1,0,False
14490,0,0,True
20921,1,0,False
23978,0,0,True
4131,0,1,False
5659,1,1,True
16843,0,1,False
16079,0,0,True
4819,1,0,False
23139,0,1,False
24449,1,1,True
17062,1,0,False
2681,0,0,True
23892,0,0,True
6533,1,1,True
6015,1,0,False
5888,0,1,False
16937,0,0,True
2880,0,0,True
20290,0,1,False
1999,0,0,True
22497,0,0,True
11557,0,1,False
5948,1,0,False
1735,0,0,True
18566,0,0,True
23377,0,0,True
20625,1,0,False
1565,0,0,True
24352,0,0,True
354,0,1,False
10408,0,1,False
5958,0,0,True
15786,1,1,True
5032,0,1,False
317,0,0,True
109,0,0,True
24143,1,0,False
22531,1,1,True
21322,0,0,True
11259,1,1,True
11468,1,1,True
4413,0,0,True
323,1,0,False
16048,1,0,False
12108,0,0,True
9055,0,1,False
21502,0,1,False
12305,0,0,True
9964,0,0,True
1010,0,0,True
16342,0,1,False
4104,1,0,False
5823,1,0,False
6915,0,0,True
20230,0,0,True
6401,1,1,True
2701,0,0,True
6949,0,1,False
23858,0,0,True
3081,1,1,True
15799,0,0,True
19646,0,1,False
9976,1,1,True
20390,1,1,True
14495,0,1,False
22483,0,0,True
17860,0,1,False
14197,1,1,True
1742,1,1,True
5097,1,1,True
17168,0,0,True
5682,0,0,True
21200,0,0,True
17849,1,0,False
5252,0,1,False
24431,0,0,True
9354,0,0,True
14959,0,1,False
5435,0,1,False
11529,0,0,True
3333,0,1,False
22414,1,1,True
14367,0,1,False
5820,0,1,False
14206,1,0,False
9021,1,0,False
18187,0,0,True
18471,0,1,False
20213,1,1,True
2963,1,1,True
9364,0,0,True
12314,1,1,True
15014,1,0,False
11518,1,1,True
3732,0,0,True
14033,0,0,True
8045,0,0,True
3126,0,0,True
13932,0,1,False
7999,1,1,True
23097,0,1,False
22808,0,0,True
16360,1,1,True
16873,0,0,True
18657,1,0,False
24257,0,0,True
39,1,0,False
2131,0,0,True
17336,0,1,False
15140,1,0,False
10518,0,0,True
19419,1,0,False
1986,0,1,False
9688,1,0,False
972,0,0,True
8662,1,1,True
18295,0,0,True
21045,0,1,False
996,1,1,True
21633,0,0,True
21401,0,1,False
17464,0,0,True
15103,1,1,True
5921,0,0,True
17940,1,0,False
23087,0,0,True
9350,0,0,True
1552,0,0,True
8306,0,0,True
4238,1,1,True
9027,1,1,True
21733,1,0,False
4203,0,1,False
3968,0,0,True
13171,0,0,True
3123,1,0,False
4625,0,1,False
14964,1,0,False
3761,1,1,True
20017,0,1,False
18355,0,1,False
8942,0,0,True
9508,0,1,False
3517,1,0,False
18262,1,1,True
10059,0,0,True
18954,1,0,False
4797,0,1,False
23400,0,1,False
23433,0,0,True
4139,1,0,False
14453,0,0,True
19456,1,1,True
23344,0,1,False
7180,1,0,False
21649,1,1,True
20027,0,0,True
19713,0,1,False
18260,0,1,False
21773,1,0,False
6636,1,1,True
3079,1,1,True
15954,0,0,True
6719,0,0,True
13811,1,0,False
17655,0,1,False
17803,0,1,False
7625,0,0,True
23101,0,1,False
12121,0,1,False
13217,1,1,True
14455,0,0,True
16511,1,1,True
19807,1,0,False
14824,0,1,False
6729,1,0,False
3694,0,1,False
18908,0,0,True
5396,0,0,True
19035,0,0,True
2727,0,1,False
11748,1,1,True
18844,0,1,False
10441,0,0,True
24264,1,1,True
18750,0,1,False
9182,1,0,False
15601,1,0,False
4365,0,1,False
20567,1,1,True
15520,0,0,True
13165,0,1,False
17926,1,1,True
22535,0,1,False
17910,1,1,True
3986,1,0,False
2753,0,0,True
20610,1,0,False
2630,0,1,False
22226,0,0,True
19578,1,0,False
10678,0,1,False
4348,0,0,True
18217,1,0,False
6559,0,0,True
13764,1,1,True
24309,1,0,False
8981,1,0,False
21111,1,0,False
16195,0,1,False
9223,0,1,False
18028,0,1,False
15365,0,1,False
9221,0,1,False
24401,1,1,True
24093,0,1,False
12757,1,0,False
15953,1,0,False
24189,0,0,True
20723,1,0,False
9704,0,1,False
5928,0,1,False
17282,1,0,False
14371,1,1,True
3371,1,0,False
22557,0,1,False
19585,1,1,True
542,1,1,True
4892,0,1,False
4699,0,0,True
11674,0,0,True
22,1,0,False
442,0,0,True
14777,0,0,True
22350,0,0,True
14118,1,0,False
14599,1,1,True
23103,0,1,False
2941,0,0,True
331,0,0,True
20812,0,1,False
6939,0,0,True
11896,0,1,False
19614,0,1,False
4988,1,1,True
23524,0,0,True
19444,0,0,True
10464,0,0,True
14486,1,1,True
5557,0,0,True
21474,0,1,False
14628,0,0,True
13826,0,1,False
24128,1,1,True
16962,1,0,False
20366,0,0,True
4326,0,1,False
1106,0,0,True
23644,0,0,True
777,1,0,False
117,0,1,False
12964,0,1,False
22805,1,1,True
9444,0,1,False
7814,0,1,False
8221,0,0,True
5886,0,1,False
13378,0,1,False
21077,1,0,False
23321,0,0,True
5876,0,0,True
403,0,1,False
18758,0,1,False
4995,0,0,True
5646,0,0,True
6974,1,1,True
17953,1,0,False
16940,1,0,False
1093,0,0,True
16250,0,0,True
4458,0,1,False
11875,1,0,False
23223,1,1,True
15215,0,0,True
13256,0,0,True
6273,1,1,True
21308,1,1,True
20687,1,1,True
7937,0,0,True
1128,1,1,True
4017,0,1,False
17510,0,1,False
12563,0,0,True
13991,0,0,True
993,1,1,True
1118,1,1,True
2919,0,0,True
16806,0,0,True
17121,1,1,True
5249,1,1,True
23044,0,1,False
24099,0,0,True
20128,1,0,False
14640,0,0,True
12429,1,0,False
6937,0,1,False
16461,1,1,True
4174,0,0,True
1601,0,0,True
11431,1,0,False
24164,0,0,True
23258,1,1,True
22550,1,0,False
1988,1,1,True
19935,0,1,False
13911,0,0,True
11090,0,1,False
2570,1,1,True
15752,0,0,True
12006,0,0,True
14017,1,1,True
5690,1,0,False
13103,0,1,False
15237,0,1,False
10764,1,1,True
9410,0,0,True
9852,0,1,False
17992,0,1,False
11228,0,1,False
13321,0,0,True
3184,0,1,False
24996,0,0,True
6973,0,1,False
3222,0,0,True
8795,1,0,False
4265,1,0,False
20168,0,1,False
4129,1,1,True
21655,0,1,False
13141,1,0,False
21595,0,1,False
17955,1,1,True
9731,1,1,True
4309,0,0,True
22353,1,0,False
9065,1,0,False
16454,1,0,False
9946,1,1,True
10259,1,1,True
17742,0,1,False
14748,0,1,False
5291,0,0,True
1934,1,1,True
17993,1,1,True
18545,0,1,False
5680,1,1,True
12064,1,0,False
8610,1,1,True
6123,1,1,True
16532,1,0,False
430,0,1,False
4559,1,1,True
24391,0,1,False
18878,1,0,False
17338,1,1,True
19955,0,1,False
21652,1,0,False
479,0,0,True
3738,1,0,False
14759,0,1,False
18737,1,1,True
11924,0,0,True
13674,0,0,True
17318,0,0,True
22327,0,1,False
16802,0,0,True
22884,0,1,False
12906,0,0,True
12135,1,0,False
10978,1,0,False
10608,1,0,False
12395,0,1,False
17106,1,0,False
15197,0,1,False
8959,1,0,False
18233,0,1,False
21145,0,0,True
10545,1,1,True
17524,0,1,False
24687,0,0,True
24552,0,1,False
12213,0,1,False
7164,0,1,False
16152,1,1,True
5741,1,1,True
5447,0,1,False
2293,1,1,True
12908,0,1,False
21938,1,0,False
2253,0,0,True
19223,0,0,True
23596,1,0,False
2800,0,1,False
17546,1,1,True
2986,1,1,True
15120,0,1,False
1935,1,0,False
12752,0,1,False
4427,0,1,False
17251,1,1,True
13397,1,1,True
19464,0,0,True
13885,1,1,True
7380,0,1,False
1415,0,1,False
19470,0,0,True
2176,0,1,False
20731,0,1,False
9956,0,0,True
9713,0,1,False
16674,0,1,False
13309,1,0,False
12272,0,1,False
12143,0,1,False
1773,0,1,False
22909,1,0,False
15072,0,0,True
16244,1,0,False
21819,0,1,False
6922,0,1,False
1829,1,1,True
18125,0,0,True
3645,0,0,True
9675,1,0,False
10929,1,0,False
11187,1,0,False
6793,0,1,False
4870,0,1,False
16107,1,0,False
520,0,1,False
2472,1,0,False
22247,1,0,False
11703,0,1,False
13559,1,1,True
13998,1,0,False
10480,1,1,True
15576,0,0,True
9510,0,0,True
10807,0,0,True
21887,0,0,True
10415,1,0,False
19157,0,1,False
16924,1,0,False
16727,0,0,True
20167,0,1,False
6827,0,0,True
11608,0,0,True
19472,1,1,True
7456,0,1,False
15423,0,1,False
6875,0,0,True
13004,0,1,False
5181,1,1,True
14408,1,0,False
1197,1,0,False
20604,0,0,True
3734,1,1,True
5413,1,1,True
10425,1,1,True
13224,0,1,False
4440,0,0,True
23562,1,1,True
21421,1,0,False
2442,0,0,True
6010,0,0,True
23592,1,1,True
1770,0,0,True
23406,0,1,False
4038,1,0,False
11622,1,0,False
878,1,1,True
7516,1,0,False
21197,0,0,True
12506,0,1,False
22087,0,1,False
2436,0,1,False
5571,1,0,False
7529,1,1,True
338,0,1,False
21933,0,1,False
14665,1,0,False
19023,0,0,True
20087,1,0,False
10933,0,0,True
23078,0,0,True
21333,1,1,True
19473,1,1,True
18518,1,1,True
14554,0,1,False
20392,0,1,False
24828,1,0,False
19263,0,1,False
13775,1,1,True
892,0,0,True
24633,0,1,False
4904,0,0,True
18979,1,1,True
6290,0,1,False
7324,1,1,True
19255,0,1,False
1626,0,1,False
5882,1,0,False
12751,1,1,True
13924,1,0,False
5837,0,1,False
23708,0,1,False
17358,0,1,False
4785,1,0,False
9428,1,1,True
19323,1,1,True
7957,0,0,True
14266,0,0,True
18962,0,0,True
6197,0,1,False
24565,0,1,False
4856,1,0,False
24551,0,1,False
3003,0,0,True
2317,1,1,True
2735,0,0,True
17096,0,0,True
16243,1,0,False
21188,0,1,False
23047,0,1,False
24315,0,1,False
12246,1,1,True
22996,0,1,False
12426,1,1,True
5073,1,1,True
22252,0,0,True
5521,0,1,False
21825,1,0,False
16196,1,0,False
2961,0,0,True
18595,1,0,False
2118,1,0,False
207,0,1,False
6756,1,0,False
838,0,1,False
4899,1,0,False
22227,0,1,False
19478,1,1,True
12550,1,0,False
22561,1,0,False
21730,0,1,False
11606,1,0,False
13845,1,1,True
141,0,1,False
1638,0,0,True
12282,1,0,False
24178,1,1,True
20716,1,0,False
24549,0,1,False
7288,0,1,False
17008,1,0,False
3155,1,0,False
1089,1,1,True
20302,1,0,False
21800,1,0,False
13786,0,0,True
12785,0,1,False
3796,0,0,True
23949,0,1,False
17834,1,0,False
10996,1,1,True
13720,1,0,False
17301,1,0,False
20783,0,0,True
23287,0,0,True
24211,1,0,False
17533,0,0,True
8008,1,1,True
23242,0,0,True
7359,0,0,True
17867,1,0,False
1318,1,1,True
5110,0,0,True
7245,0,0,True
11073,0,0,True
13322,0,1,False
11383,0,0,True
4384,1,1,True
19880,0,0,True
13835,1,1,True
3512,0,0,True
14557,0,1,False
23883,0,1,False
23381,0,0,True
24003,1,0,False
6447,1,1,True
16867,1,0,False
21346,0,1,False
15030,1,1,True
13665,0,1,False
23482,0,0,True
7669,1,0,False
18781,1,1,True
6112,1,0,False
1304,1,0,False
953,1,1,True
14136,0,1,False
19160,1,1,True
20494,0,0,True
1619,0,1,False
11537,0,0,True
24702,1,1,True
19793,0,0,True
23115,0,1,False
12658,1,1,True
1925,1,1,True
22297,0,0,True
14882,1,0,False
24717,0,1,False
511,0,1,False
21309,0,0,True
18949,0,0,True
8862,0,0,True
14637,0,1,False
21379,0,0,True
14089,1,1,True
17344,1,0,False
16266,0,0,True
22339,0,1,False
21272,0,0,True
22166,1,0,False
8972,1,1,True
133,0,0,True
5357,1,0,False
24503,0,1,False
2807,0,1,False
19874,1,1,True
14440,1,0,False
15958,0,0,True
22345,0,1,False
8835,1,0,False
2715,0,0,True
19313,0,1,False
16128,0,0,True
23036,1,1,True
6911,0,1,False
10174,0,0,True
9834,0,1,False
21352,0,1,False
24340,0,1,False
3205,0,0,True
24075,1,1,True
21313,0,0,True
22215,0,1,False
1804,1,0,False
18961,1,1,True
11571,0,1,False
6139,1,0,False
6097,1,1,True
3246,0,1,False
3008,0,1,False
23033,0,0,True
24410,1,0,False
3979,0,0,True
2108,1,0,False
19316,1,0,False
2636,1,0,False
8542,0,0,True
13990,0,0,True
9896,1,1,True
22295,1,0,False
17179,0,1,False
1853,1,0,False
20297,1,0,False
16920,0,1,False
13687,0,1,False
149,1,1,True
22525,0,0,True
8267,0,1,False
22605,1,1,True
7988,0,1,False
11514,0,0,True
10914,0,1,False
22709,0,1,False
3668,1,1,True
3939,1,0,False
17620,0,1,False
20673,1,1,True
20219,0,0,True
12352,1,0,False
3784,1,1,True
3579,1,1,True
8040,1,1,True
936,0,0,True
21715,0,0,True
20937,0,1,False
9919,0,0,True
3988,0,0,True
21821,0,0,True
334,1,0,False
12692,1,0,False
1372,0,1,False
8466,1,1,True
3582,0,1,False
14000,0,0,True
6379,1,0,False
11155,1,0,False
12241,1,1,True
18628,0,0,True
21636,0,1,False
11489,0,1,False
4185,0,0,True
14758,1,0,False
7871,1,0,False
12421,0,0,True
15795,1,1,True
19373,0,1,False
4644,0,0,True
4449,1,0,False
11968,0,0,True
5725,0,0,True
20039,1,0,False
15344,0,0,True
7693,0,1,False
115,0,0,True
13147,0,0,True
12759,1,0,False
3472,0,1,False
11493,0,0,True
2608,0,1,False
23680,1,0,False
22488,1,1,True
24807,0,1,False
21284,0,0,True
8718,0,0,True
1354,0,0,True
20781,0,0,True
15517,1,0,False
9248,1,0,False
13267,0,1,False
12262,0,1,False
2685,1,0,False
9509,1,0,False
16850,1,1,True
12191,1,1,True
24199,1,1,True
12735,0,0,True
14467,0,0,True
3856,0,1,False
1506,0,1,False
14373,0,1,False
14576,1,0,False
15416,0,1,False
12793,0,0,True
14169,1,1,True
2518,0,1,False
16067,1,0,False
19075,0,0,True
22107,1,0,False
20933,0,0,True
1633,0,1,False
18290,0,1,False
22061,0,1,False
22324,1,0,False
14795,0,0,True
11191,1,0,False
2976,1,1,True
10927,1,0,False
17188,1,1,True
9981,0,0,True
5466,0,1,False
2677,0,0,True
11452,1,1,True
7283,0,1,False
7170,1,1,True
9329,1,0,False
119,1,1,True
11756,0,1,False
24375,0,1,False
13641,0,1,False
20469,0,0,True
23100,0,0,True
24614,0,1,False
17314,0,1,False
15084,1,1,True
8289,0,1,False
3593,0,1,False
12956,0,1,False
16403,1,1,True
605,0,0,True
8870,0,1,False
17664,0,1,False
22673,0,0,True
24280,1,1,True
2805,1,0,False
2333,0,0,True
1607,0,1,False
19964,1,1,True
22999,1,1,True
14530,1,0,False
22018,0,1,False
17480,0,1,False
15510,1,0,False
6954,0,0,True
9683,1,0,False
1068,0,0,True
10334,1,0,False
772,0,0,True
23877,1,1,True
20717,0,1,False
21968,1,0,False
11776,0,0,True
22980,1,0,False
23376,1,1,True
5951,1,0,False
13596,0,1,False
16881,0,1,False
15196,0,0,True
2627,0,1,False
13052,1,0,False
4463,1,1,True
3374,0,0,True
1074,0,1,False
3337,1,0,False
10048,1,1,True
19104,1,0,False
4535,1,0,False
24680,1,0,False
11104,0,1,False
19384,0,0,True
17315,0,1,False
23633,0,0,True
7597,1,1,True
19311,0,1,False
24874,1,0,False
18320,0,1,False
1411,1,0,False
19303,0,1,False
15875,0,0,True
22599,1,1,True
14087,1,1,True
186,1,0,False
16194,1,0,False
20223,1,0,False
18052,1,0,False
20409,1,0,False
4442,1,1,True
1028,0,0,True
24581,0,0,True
16625,0,0,True
4227,0,0,True
8876,1,0,False
24618,0,0,True
2755,1,1,True
577,1,1,True
12138,0,0,True
23001,1,0,False
7121,1,1,True
22017,0,1,False
16618,1,1,True
414,0,1,False
2719,0,0,True
1951,0,1,False
13573,0,1,False
20401,0,0,True
6214,0,1,False
19080,1,1,True
7651,1,0,False
21916,0,0,True
15206,0,1,False
17623,1,0,False
2187,0,0,True
19515,0,1,False
18178,0,0,True
18813,1,0,False
8483,0,0,True
4220,1,0,False
954,1,0,False
24338,0,0,True
398,0,1,False
11801,0,1,False
9636,1,1,True
14998,1,0,False
23976,1,1,True
173,0,0,True
1739,1,0,False
7325,0,1,False
14952,0,1,False
2125,1,0,False
19934,0,1,False
4528,0,1,False
7487,0,0,True
5074,0,1,False
22747,0,1,False
20680,1,1,True
764,1,1,True
1963,0,0,True
19851,0,1,False
2750,0,1,False
16951,0,0,True
12960,0,1,False
17985,0,1,False
8508,0,0,True
11876,1,0,False
2875,0,0,True
20491,0,0,True
22104,1,0,False
8918,0,0,True
21046,0,0,True
11523,0,0,True
801,0,1,False
10042,0,1,False
23801,1,0,False
22692,1,0,False
8598,1,1,True
9687,0,1,False
24595,1,0,False
19700,1,0,False
12620,0,0,True
17118,0,0,True
10105,0,1,False
15095,1,1,True
1838,0,0,True
3985,0,0,True
18535,1,1,True
12163,0,0,True
13218,0,0,True
15483,0,1,False
5927,1,1,True
13328,0,0,True
21613,1,1,True
9235,0,1,False
6523,1,1,True
20377,0,0,True
2646,0,0,True
20353,1,0,False
18122,1,1,True
21373,1,0,False
15385,0,0,True
17302,0,0,True
1460,1,1,True
24460,1,1,True
2758,0,1,False
8691,0,1,False
8796,0,0,True
13918,1,0,False
9795,0,0,True
8493,1,1,True
355,0,1,False
11052,0,1,False
14743,0,0,True
2804,0,1,False
13130,1,1,True
23159,0,0,True
10267,1,0,False
19019,0,1,False
9918,1,1,True
2793,1,1,True
18275,0,0,True
13231,1,1,True
11446,1,0,False
2396,0,1,False
9853,0,0,True
11192,1,1,True
10325,0,1,False
13521,1,0,False
1760,0,1,False
8319,0,1,False
294,1,1,True
23848,1,1,True
17894,1,0,False
8410,1,0,False
6732,0,1,False
11179,0,1,False
11416,0,0,True
22721,1,0,False
19308,1,1,True
2285,0,0,True
24299,0,1,False
5705,1,0,False
2407,0,0,True
1558,0,0,True
10324,0,0,True
23605,1,1,True
12822,1,1,True
6361,1,1,True
15655,1,1,True
14138,1,0,False
2477,1,1,True
21194,1,0,False
21344,0,0,True
13517,1,0,False
4550,1,0,False
4076,0,1,False
3745,0,1,False
16091,1,0,False
21449,1,1,True
18842,0,0,True
18416,1,1,True
5045,0,1,False
9548,0,0,True
9078,1,0,False
22688,0,1,False
7120,1,1,True
22551,1,1,True
21442,0,1,False
19794,0,1,False
7321,0,0,True
18514,1,0,False
14669,0,0,True
8702,0,0,True
11022,0,1,False
1904,0,0,True
18331,1,0,False
21598,1,1,True
7193,0,0,True
6002,0,1,False
14773,0,1,False
20245,1,1,True
17203,1,0,False
837,0,0,True
20874,0,0,True
15085,0,0,True
12893,0,0,True
8962,1,1,True
7530,0,1,False
5108,0,1,False
3437,0,0,True
1045,0,1,False
19016,0,0,True
4696,1,0,False
20184,0,1,False
1792,0,1,False
10696,1,1,True
22390,0,1,False
7692,0,0,True
19709,0,1,False
11131,0,0,True
21047,0,1,False
11169,0,0,True
14831,1,1,True
4895,1,1,True
7990,0,1,False
821,0,0,True
14823,0,0,True
7994,1,0,False
10354,1,1,True
9804,1,1,True
12643,1,1,True
19958,1,0,False
13707,0,0,True
9178,0,1,False
24841,0,0,True
1062,0,1,False
15302,0,1,False
7422,1,0,False
14722,0,0,True
5872,0,0,True
12021,0,0,True
19861,0,1,False
9863,1,1,True
11098,0,1,False
20125,0,0,True
23232,0,0,True
2268,0,0,True
6514,0,0,True
22616,1,1,True
20387,0,0,True
18108,0,1,False
3799,0,0,True
2041,1,1,True
11323,0,0,True
6555,0,1,False
17847,1,1,True
24316,1,0,False
18731,1,1,True
17800,0,0,True
22178,0,1,False
20882,0,0,True
11534,0,0,True
9059,1,1,True
16249,1,0,False
7225,0,1,False
7864,0,1,False
23859,0,1,False
10502,0,0,True
16926,1,1,True
18508,1,1,True
10465,1,0,False
4881,0,1,False
2045,0,0,True
18593,0,1,False
8456,1,0,False
18446,0,1,False
5847,1,0,False
16960,0,1,False
11855,1,0,False
19839,0,0,True
23455,1,1,True
4510,0,0,True
23686,1,0,False
2999,1,1,True
18452,1,1,True
2980,0,1,False
3198,1,1,True
18323,0,0,True
17890,1,0,False
7509,0,1,False
880,0,0,True
9985,1,1,True
4688,1,0,False
7469,1,1,True
22034,1,0,False
23688,1,1,True
19498,0,1,False
7598,0,1,False
22916,0,1,False
24696,1,1,True
10909,1,1,True
21230,0,0,True
16118,0,0,True
22071,0,1,False
23180,1,0,False
12044,1,1,True
3120,0,0,True
8688,1,0,False
13794,0,0,True
15900,1,0,False
17184,0,0,True
14372,1,0,False
5424,1,1,True
6042,1,1,True
12768,0,1,False
10087,0,1,False
21716,0,0,True
6571,0,0,True
16299,0,0,True
14896,1,0,False
5279,1,0,False
16787,0,1,False
22095,1,1,True
390,0,1,False
22918,0,1,False
11235,0,0,True
11454,1,1,True
16060,0,0,True
14141,1,0,False
23412,1,1,True
10308,1,1,True
10955,1,0,False
20478,1,1,True
16933,1,0,False
22877,0,0,True
22545,0,0,True
10567,0,1,False
9700,0,0,True
12053,1,1,True
18913,0,1,False
6001,0,1,False
20700,0,1,False
20319,0,0,True
1817,0,0,True
9193,0,1,False
13181,0,0,True
2733,0,0,True
2047,1,0,False
22352,0,0,True
12998,0,0,True
7500,0,1,False
12836,0,1,False
7398,1,0,False
6509,0,0,True
21737,0,1,False
24556,0,0,True
18501,0,0,True
13301,1,1,True
21690,1,0,False
15035,0,1,False
7247,0,1,False
1551,0,0,True
8478,1,1,True
10124,1,0,False
16661,1,0,False
268,1,0,False
12991,1,1,True
4006,1,0,False
7622,1,1,True
14051,1,1,True
14190,0,0,True
18381,1,0,False
11115,1,1,True
9147,1,0,False
22424,1,1,True
18276,1,0,False
3228,0,0,True
21728,1,1,True
1217,0,0,True
18596,0,0,True
12494,1,0,False
13477,0,0,True
23124,0,1,False
11371,1,0,False
20616,0,1,False
4513,0,1,False
3377,1,1,True
24250,1,1,True
4834,0,1,False
4909,1,0,False
13629,1,0,False
18316,0,1,False
474,1,0,False
20191,0,0,True
3588,1,1,True
21772,1,1,True
528,1,1,True
6741,0,1,False
17753,0,1,False
23134,1,0,False
2613,0,0,True
11181,1,0,False
9903,0,0,True
1391,1,1,True
17717,1,1,True
14450,1,0,False
10697,0,0,True
16316,1,0,False
24963,0,1,False
3711,0,1,False
18600,0,1,False
3113,1,1,True
6497,0,1,False
14117,0,0,True
9061,1,1,True
5295,1,0,False
23646,1,1,True
23075,1,1,True
874,1,0,False
24183,0,1,False
18736,1,1,True
24801,0,0,True
19031,1,1,True
24455,1,0,False
23145,0,1,False
23802,1,1,True
5549,0,1,False
394,0,1,False
12885,0,1,False
15782,1,1,True
18701,1,1,True
20282,0,0,True
15981,1,0,False
16939,1,1,True
3088,1,0,False
24123,1,0,False
14676,1,1,True
6069,1,1,True
3317,0,0,True
24558,0,0,True
22908,0,0,True
11805,0,0,True
16636,1,0,False
7695,1,1,True
23393,0,1,False
23700,1,0,False
18699,1,1,True
9745,0,0,True
5569,0,1,False
578,1,0,False
17286,1,0,False
8647,0,0,True
14968,1,0,False
22069,1,1,True
20653,1,1,True
13914,0,0,True
20828,1,1,True
11060,1,1,True
18735,0,0,True
10110,0,0,True
7017,0,1,False
24845,1,0,False
9415,0,1,False
11240,0,1,False
166,1,0,False
19593,1,1,True
3719,0,0,True
12065,0,0,True
3098,0,1,False
1124,1,0,False
2123,1,1,True
17317,1,0,False
21485,0,0,True
12318,1,1,True
24990,0,1,False
10787,1,0,False
485,1,0,False
9204,0,0,True
1427,1,1,True
18411,1,0,False
15220,1,1,True
13910,0,0,True
10766,1,1,True
22465,1,1,True
8994,1,1,True
8334,1,0,False
24861,1,1,True
8951,1,1,True
14498,0,0,True
9446,0,1,False
2181,0,0,True
11881,1,1,True
6689,1,0,False
9395,0,0,True
15688,0,1,False
7403,1,0,False
6369,0,0,True
15252,1,0,False
